epoch,mode,loss,acc,eval_acc,complexity,information_loss,distractors,vocab_size,hidden_size,n_epochs,embedding_size,heads,max_len,sender_cell,train_method,batch_size,random_seed,data_seed
1,train,2.3215315341949463,0.17579999566078186,,,,50,100,200,500,200,1,1,gru,gs,50,42,0
1,test,1.6937624216079712,0.23599998652935028,,,,50,100,200,500,200,1,1,gru,gs,50,42,0
2,train,1.4650845527648926,0.3027999997138977,,,,50,100,200,500,200,1,1,gru,gs,50,42,0
2,test,1.272931456565857,0.3190000057220459,,,,50,100,200,500,200,1,1,gru,gs,50,42,0
3,train,1.2561155557632446,0.31700000166893005,,,,50,100,200,500,200,1,1,gru,gs,50,42,0
3,test,1.2391760349273682,0.32399997115135193,,,,50,100,200,500,200,1,1,gru,gs,50,42,0
4,train,1.2094794511795044,0.34540000557899475,,,,50,100,200,500,200,1,1,gru,gs,50,42,0
4,test,1.1559064388275146,0.3579999804496765,,,,50,100,200,500,200,1,1,gru,gs,50,42,0
5,train,1.1550253629684448,0.3553999960422516,,,,50,100,200,500,200,1,1,gru,gs,50,42,0
5,test,1.13340425491333,0.3750000298023224,,,,50,100,200,500,200,1,1,gru,gs,50,42,0
6,train,1.1408272981643677,0.36400002241134644,,,,50,100,200,500,200,1,1,gru,gs,50,42,0
6,test,1.1103484630584717,0.38200002908706665,,,,50,100,200,500,200,1,1,gru,gs,50,42,0
7,train,1.1116315126419067,0.3612000346183777,,,,50,100,200,500,200,1,1,gru,gs,50,42,0
7,test,1.0905895233154297,0.3840000033378601,,,,50,100,200,500,200,1,1,gru,gs,50,42,0
8,train,1.0989552736282349,0.3797999918460846,,,,50,100,200,500,200,1,1,gru,gs,50,42,0
8,test,1.0544140338897705,0.39500001072883606,,,,50,100,200,500,200,1,1,gru,gs,50,42,0
9,train,1.0308690071105957,0.4050000011920929,,,,50,100,200,500,200,1,1,gru,gs,50,42,0
9,test,1.0078598260879517,0.4010000228881836,,,,50,100,200,500,200,1,1,gru,gs,50,42,0
10,train,1.0040462017059326,0.4147999584674835,0.421875,19.835784864789744,22.97969292011068,50,100,200,500,200,1,1,gru,gs,50,42,0
10,test,0.9690801501274109,0.44999998807907104,,,,50,100,200,500,200,1,1,gru,gs,50,42,0
11,train,0.902985692024231,0.47200000286102295,,,,50,100,200,500,200,1,1,gru,gs,50,42,0
11,test,0.8653081059455872,0.4480000138282776,,,,50,100,200,500,200,1,1,gru,gs,50,42,0
12,train,0.8433212041854858,0.4749999940395355,,,,50,100,200,500,200,1,1,gru,gs,50,42,0
12,test,0.8429709672927856,0.4619999825954437,,,,50,100,200,500,200,1,1,gru,gs,50,42,0
13,train,0.8369183540344238,0.4662000238895416,,,,50,100,200,500,200,1,1,gru,gs,50,42,0
13,test,0.8403016924858093,0.4619999825954437,,,,50,100,200,500,200,1,1,gru,gs,50,42,0
14,train,0.8385065197944641,0.4602000415325165,,,,50,100,200,500,200,1,1,gru,gs,50,42,0
14,test,0.87060546875,0.4660000205039978,,,,50,100,200,500,200,1,1,gru,gs,50,42,0
15,train,0.840117335319519,0.4651999771595001,,,,50,100,200,500,200,1,1,gru,gs,50,42,0
15,test,0.8421813249588013,0.4659999907016754,,,,50,100,200,500,200,1,1,gru,gs,50,42,0
16,train,0.8412829041481018,0.47140002250671387,,,,50,100,200,500,200,1,1,gru,gs,50,42,0
16,test,0.8418876528739929,0.45600003004074097,,,,50,100,200,500,200,1,1,gru,gs,50,42,0
17,train,0.8379314541816711,0.4601999521255493,,,,50,100,200,500,200,1,1,gru,gs,50,42,0
17,test,0.836480975151062,0.45500001311302185,,,,50,100,200,500,200,1,1,gru,gs,50,42,0
18,train,0.8336780667304993,0.4520000219345093,,,,50,100,200,500,200,1,1,gru,gs,50,42,0
18,test,0.8491487503051758,0.4689999520778656,,,,50,100,200,500,200,1,1,gru,gs,50,42,0
19,train,0.808139979839325,0.4851999580860138,,,,50,100,200,500,200,1,1,gru,gs,50,42,0
19,test,0.7917996644973755,0.4999999403953552,,,,50,100,200,500,200,1,1,gru,gs,50,42,0
20,train,0.7901714444160461,0.49639999866485596,0.484375,16.827666246201368,36.066566609103894,50,100,200,500,200,1,1,gru,gs,50,42,0
20,test,0.8095098733901978,0.5,,,,50,100,200,500,200,1,1,gru,gs,50,42,0
21,train,0.7790049910545349,0.5146000385284424,,,,50,100,200,500,200,1,1,gru,gs,50,42,0
21,test,0.806439220905304,0.4910000264644623,,,,50,100,200,500,200,1,1,gru,gs,50,42,0
22,train,0.7810494303703308,0.5031999945640564,,,,50,100,200,500,200,1,1,gru,gs,50,42,0
22,test,0.8218163251876831,0.49799999594688416,,,,50,100,200,500,200,1,1,gru,gs,50,42,0
23,train,0.7797501087188721,0.508400022983551,,,,50,100,200,500,200,1,1,gru,gs,50,42,0
23,test,0.8131437301635742,0.49799996614456177,,,,50,100,200,500,200,1,1,gru,gs,50,42,0
24,train,0.7794315218925476,0.5008000135421753,,,,50,100,200,500,200,1,1,gru,gs,50,42,0
24,test,0.8126105070114136,0.5020000338554382,,,,50,100,200,500,200,1,1,gru,gs,50,42,0
25,train,0.774575412273407,0.4986000061035156,,,,50,100,200,500,200,1,1,gru,gs,50,42,0
25,test,0.8403770327568054,0.49799999594688416,,,,50,100,200,500,200,1,1,gru,gs,50,42,0
26,train,0.7754783630371094,0.5060000419616699,,,,50,100,200,500,200,1,1,gru,gs,50,42,0
26,test,0.833031952381134,0.4829999804496765,,,,50,100,200,500,200,1,1,gru,gs,50,42,0
27,train,0.7713484764099121,0.5112000107765198,,,,50,100,200,500,200,1,1,gru,gs,50,42,0
27,test,0.8424060940742493,0.5089999437332153,,,,50,100,200,500,200,1,1,gru,gs,50,42,0
28,train,0.7775020003318787,0.5145999789237976,,,,50,100,200,500,200,1,1,gru,gs,50,42,0
28,test,0.8362171053886414,0.49400001764297485,,,,50,100,200,500,200,1,1,gru,gs,50,42,0
29,train,0.776326060295105,0.5101999640464783,,,,50,100,200,500,200,1,1,gru,gs,50,42,0
29,test,0.825283408164978,0.5089999437332153,,,,50,100,200,500,200,1,1,gru,gs,50,42,0
30,train,0.7524782419204712,0.5151999592781067,0.484375,16.826207540215865,36.363781007300325,50,100,200,500,200,1,1,gru,gs,50,42,0
30,test,0.8487272262573242,0.5019999742507935,,,,50,100,200,500,200,1,1,gru,gs,50,42,0
31,train,0.7483667135238647,0.5302000641822815,,,,50,100,200,500,200,1,1,gru,gs,50,42,0
31,test,0.8764052391052246,0.5200000405311584,,,,50,100,200,500,200,1,1,gru,gs,50,42,0
32,train,0.7658639550209045,0.527999997138977,,,,50,100,200,500,200,1,1,gru,gs,50,42,0
32,test,0.9826809167861938,0.5049999356269836,,,,50,100,200,500,200,1,1,gru,gs,50,42,0
33,train,0.7454545497894287,0.5206000208854675,,,,50,100,200,500,200,1,1,gru,gs,50,42,0
33,test,0.9139738082885742,0.5009999871253967,,,,50,100,200,500,200,1,1,gru,gs,50,42,0
34,train,0.7358036041259766,0.5354000329971313,,,,50,100,200,500,200,1,1,gru,gs,50,42,0
34,test,0.721598744392395,0.5449999570846558,,,,50,100,200,500,200,1,1,gru,gs,50,42,0
35,train,0.7007441520690918,0.5415999889373779,,,,50,100,200,500,200,1,1,gru,gs,50,42,0
35,test,0.7774245738983154,0.534000039100647,,,,50,100,200,500,200,1,1,gru,gs,50,42,0
36,train,0.6884462237358093,0.5558000206947327,,,,50,100,200,500,200,1,1,gru,gs,50,42,0
36,test,0.7414175271987915,0.5349999666213989,,,,50,100,200,500,200,1,1,gru,gs,50,42,0
37,train,0.6883399486541748,0.5622000098228455,,,,50,100,200,500,200,1,1,gru,gs,50,42,0
37,test,0.7170847654342651,0.5460000038146973,,,,50,100,200,500,200,1,1,gru,gs,50,42,0
38,train,0.680290162563324,0.5635999441146851,,,,50,100,200,500,200,1,1,gru,gs,50,42,0
38,test,0.7423454523086548,0.5389999747276306,,,,50,100,200,500,200,1,1,gru,gs,50,42,0
39,train,0.687825620174408,0.5478000044822693,,,,50,100,200,500,200,1,1,gru,gs,50,42,0
39,test,0.7555447816848755,0.5399999618530273,,,,50,100,200,500,200,1,1,gru,gs,50,42,0
40,train,0.6817288398742676,0.5579999685287476,0.515625,17.82030393161578,38.68652471391043,50,100,200,500,200,1,1,gru,gs,50,42,0
40,test,0.7649187445640564,0.5349999666213989,,,,50,100,200,500,200,1,1,gru,gs,50,42,0
41,train,0.689787745475769,0.550000011920929,,,,50,100,200,500,200,1,1,gru,gs,50,42,0
41,test,0.7389446496963501,0.5540000200271606,,,,50,100,200,500,200,1,1,gru,gs,50,42,0
42,train,0.6766452789306641,0.5569999814033508,,,,50,100,200,500,200,1,1,gru,gs,50,42,0
42,test,0.7645489573478699,0.5289999842643738,,,,50,100,200,500,200,1,1,gru,gs,50,42,0
43,train,0.6700418591499329,0.5529999732971191,,,,50,100,200,500,200,1,1,gru,gs,50,42,0
43,test,0.7735131978988647,0.5450000166893005,,,,50,100,200,500,200,1,1,gru,gs,50,42,0
44,train,0.6741235852241516,0.555400013923645,,,,50,100,200,500,200,1,1,gru,gs,50,42,0
44,test,0.7438276410102844,0.5590000152587891,,,,50,100,200,500,200,1,1,gru,gs,50,42,0
45,train,0.6771762371063232,0.5551999807357788,,,,50,100,200,500,200,1,1,gru,gs,50,42,0
45,test,0.7206927537918091,0.5360000133514404,,,,50,100,200,500,200,1,1,gru,gs,50,42,0
46,train,0.6541886925697327,0.5804000496864319,,,,50,100,200,500,200,1,1,gru,gs,50,42,0
46,test,0.7023874521255493,0.5709999799728394,,,,50,100,200,500,200,1,1,gru,gs,50,42,0
47,train,0.6358718276023865,0.5881999731063843,,,,50,100,200,500,200,1,1,gru,gs,50,42,0
47,test,0.6961851119995117,0.5709999799728394,,,,50,100,200,500,200,1,1,gru,gs,50,42,0
48,train,0.637267529964447,0.5825999975204468,,,,50,100,200,500,200,1,1,gru,gs,50,42,0
48,test,0.6839672327041626,0.5770000219345093,,,,50,100,200,500,200,1,1,gru,gs,50,42,0
49,train,0.6285626888275146,0.5961999893188477,,,,50,100,200,500,200,1,1,gru,gs,50,42,0
49,test,0.717930793762207,0.5740000009536743,,,,50,100,200,500,200,1,1,gru,gs,50,42,0
50,train,0.6249362230300903,0.5926000475883484,0.546875,16.33922821713283,40.384049768610886,50,100,200,500,200,1,1,gru,gs,50,42,0
50,test,0.725682258605957,0.5740000009536743,,,,50,100,200,500,200,1,1,gru,gs,50,42,0
51,train,0.6300726532936096,0.5857999920845032,,,,50,100,200,500,200,1,1,gru,gs,50,42,0
51,test,0.7091003656387329,0.5730000138282776,,,,50,100,200,500,200,1,1,gru,gs,50,42,0
52,train,0.627743124961853,0.5923999547958374,,,,50,100,200,500,200,1,1,gru,gs,50,42,0
52,test,0.7217628955841064,0.5659999847412109,,,,50,100,200,500,200,1,1,gru,gs,50,42,0
53,train,0.6255690455436707,0.5907999873161316,,,,50,100,200,500,200,1,1,gru,gs,50,42,0
53,test,0.72505122423172,0.5720000267028809,,,,50,100,200,500,200,1,1,gru,gs,50,42,0
54,train,0.6201356649398804,0.5852000117301941,,,,50,100,200,500,200,1,1,gru,gs,50,42,0
54,test,0.6899653077125549,0.5789999961853027,,,,50,100,200,500,200,1,1,gru,gs,50,42,0
55,train,0.6233442425727844,0.5944000482559204,,,,50,100,200,500,200,1,1,gru,gs,50,42,0
55,test,0.6895402669906616,0.5730000138282776,,,,50,100,200,500,200,1,1,gru,gs,50,42,0
56,train,0.6204709410667419,0.5964000225067139,,,,50,100,200,500,200,1,1,gru,gs,50,42,0
56,test,0.7027152180671692,0.5669999718666077,,,,50,100,200,500,200,1,1,gru,gs,50,42,0
57,train,0.6252124309539795,0.5960000157356262,,,,50,100,200,500,200,1,1,gru,gs,50,42,0
57,test,0.752371072769165,0.5700000524520874,,,,50,100,200,500,200,1,1,gru,gs,50,42,0
58,train,0.630165696144104,0.5920000076293945,,,,50,100,200,500,200,1,1,gru,gs,50,42,0
58,test,0.7375182509422302,0.5720000267028809,,,,50,100,200,500,200,1,1,gru,gs,50,42,0
59,train,0.6115549206733704,0.602400004863739,,,,50,100,200,500,200,1,1,gru,gs,50,42,0
59,test,0.6433201432228088,0.6109999418258667,,,,50,100,200,500,200,1,1,gru,gs,50,42,0
60,train,0.587141215801239,0.6207999587059021,0.59375,16.077751190744554,39.57642228303198,50,100,200,500,200,1,1,gru,gs,50,42,0
60,test,0.5854486227035522,0.5980000495910645,,,,50,100,200,500,200,1,1,gru,gs,50,42,0
61,train,0.5538536310195923,0.6182000041007996,,,,50,100,200,500,200,1,1,gru,gs,50,42,0
61,test,0.6065932512283325,0.628000020980835,,,,50,100,200,500,200,1,1,gru,gs,50,42,0
62,train,0.5532087087631226,0.6376000046730042,,,,50,100,200,500,200,1,1,gru,gs,50,42,0
62,test,0.6605547666549683,0.6030000448226929,,,,50,100,200,500,200,1,1,gru,gs,50,42,0
63,train,0.5403962135314941,0.6415999531745911,,,,50,100,200,500,200,1,1,gru,gs,50,42,0
63,test,0.5566927194595337,0.6340000033378601,,,,50,100,200,500,200,1,1,gru,gs,50,42,0
64,train,0.5318331718444824,0.6459999680519104,,,,50,100,200,500,200,1,1,gru,gs,50,42,0
64,test,0.5991271734237671,0.6230000257492065,,,,50,100,200,500,200,1,1,gru,gs,50,42,0
65,train,0.5135214328765869,0.6565999388694763,,,,50,100,200,500,200,1,1,gru,gs,50,42,0
65,test,0.542881965637207,0.6579999923706055,,,,50,100,200,500,200,1,1,gru,gs,50,42,0
66,train,0.4902770519256592,0.6687999963760376,,,,50,100,200,500,200,1,1,gru,gs,50,42,0
66,test,0.5166835188865662,0.6550000309944153,,,,50,100,200,500,200,1,1,gru,gs,50,42,0
67,train,0.4881500005722046,0.6647999286651611,,,,50,100,200,500,200,1,1,gru,gs,50,42,0
67,test,0.5351775884628296,0.6450000405311584,,,,50,100,200,500,200,1,1,gru,gs,50,42,0
68,train,0.49571579694747925,0.6583999395370483,,,,50,100,200,500,200,1,1,gru,gs,50,42,0
68,test,0.5267248153686523,0.656000018119812,,,,50,100,200,500,200,1,1,gru,gs,50,42,0
69,train,0.4878655970096588,0.6720000505447388,,,,50,100,200,500,200,1,1,gru,gs,50,42,0
69,test,0.5547835826873779,0.6480000615119934,,,,50,100,200,500,200,1,1,gru,gs,50,42,0
70,train,0.47512686252593994,0.6754000186920166,0.65625,15.902571602384636,40.19400607446972,50,100,200,500,200,1,1,gru,gs,50,42,0
70,test,0.5492923855781555,0.6710000038146973,,,,50,100,200,500,200,1,1,gru,gs,50,42,0
71,train,0.47216758131980896,0.6801999807357788,,,,50,100,200,500,200,1,1,gru,gs,50,42,0
71,test,0.5189771056175232,0.6740000247955322,,,,50,100,200,500,200,1,1,gru,gs,50,42,0
72,train,0.47754013538360596,0.6728000044822693,,,,50,100,200,500,200,1,1,gru,gs,50,42,0
72,test,0.5199841856956482,0.6790000200271606,,,,50,100,200,500,200,1,1,gru,gs,50,42,0
73,train,0.4709905982017517,0.6821999549865723,,,,50,100,200,500,200,1,1,gru,gs,50,42,0
73,test,0.5529459714889526,0.6679999828338623,,,,50,100,200,500,200,1,1,gru,gs,50,42,0
74,train,0.46787095069885254,0.6841999888420105,,,,50,100,200,500,200,1,1,gru,gs,50,42,0
74,test,0.5040947794914246,0.6729999780654907,,,,50,100,200,500,200,1,1,gru,gs,50,42,0
75,train,0.4700706899166107,0.6820000410079956,,,,50,100,200,500,200,1,1,gru,gs,50,42,0
75,test,0.5280260443687439,0.6639999747276306,,,,50,100,200,500,200,1,1,gru,gs,50,42,0
76,train,0.4650834798812866,0.6899999976158142,,,,50,100,200,500,200,1,1,gru,gs,50,42,0
76,test,0.5415643453598022,0.656999945640564,,,,50,100,200,500,200,1,1,gru,gs,50,42,0
77,train,0.46080532670021057,0.6799999475479126,,,,50,100,200,500,200,1,1,gru,gs,50,42,0
77,test,0.5586165189743042,0.6719999313354492,,,,50,100,200,500,200,1,1,gru,gs,50,42,0
78,train,0.46062567830085754,0.6877999901771545,,,,50,100,200,500,200,1,1,gru,gs,50,42,0
78,test,0.5064939260482788,0.6790000200271606,,,,50,100,200,500,200,1,1,gru,gs,50,42,0
79,train,0.4651223421096802,0.6814000010490417,,,,50,100,200,500,200,1,1,gru,gs,50,42,0
79,test,0.5170929431915283,0.6620000600814819,,,,50,100,200,500,200,1,1,gru,gs,50,42,0
80,train,0.4663963317871094,0.6754000186920166,0.65625,15.87025578216588,40.7308685937536,50,100,200,500,200,1,1,gru,gs,50,42,0
80,test,0.5369071364402771,0.6630000472068787,,,,50,100,200,500,200,1,1,gru,gs,50,42,0
81,train,0.46391695737838745,0.6912000179290771,,,,50,100,200,500,200,1,1,gru,gs,50,42,0
81,test,0.5280472636222839,0.6669999361038208,,,,50,100,200,500,200,1,1,gru,gs,50,42,0
82,train,0.4600314795970917,0.6818000078201294,,,,50,100,200,500,200,1,1,gru,gs,50,42,0
82,test,0.49419060349464417,0.671999990940094,,,,50,100,200,500,200,1,1,gru,gs,50,42,0
83,train,0.4612010717391968,0.6916000247001648,,,,50,100,200,500,200,1,1,gru,gs,50,42,0
83,test,0.5231319665908813,0.6660000085830688,,,,50,100,200,500,200,1,1,gru,gs,50,42,0
84,train,0.4580581784248352,0.6782000064849854,,,,50,100,200,500,200,1,1,gru,gs,50,42,0
84,test,0.5303403735160828,0.6789999604225159,,,,50,100,200,500,200,1,1,gru,gs,50,42,0
85,train,0.4646175503730774,0.6875999569892883,,,,50,100,200,500,200,1,1,gru,gs,50,42,0
85,test,0.5085160732269287,0.6750000715255737,,,,50,100,200,500,200,1,1,gru,gs,50,42,0
86,train,0.45772719383239746,0.6851999759674072,,,,50,100,200,500,200,1,1,gru,gs,50,42,0
86,test,0.5133931636810303,0.6800000071525574,,,,50,100,200,500,200,1,1,gru,gs,50,42,0
87,train,0.46133890748023987,0.678600013256073,,,,50,100,200,500,200,1,1,gru,gs,50,42,0
87,test,0.5185813307762146,0.674000084400177,,,,50,100,200,500,200,1,1,gru,gs,50,42,0
88,train,0.4640127420425415,0.6841999888420105,,,,50,100,200,500,200,1,1,gru,gs,50,42,0
88,test,0.5053530931472778,0.6779999732971191,,,,50,100,200,500,200,1,1,gru,gs,50,42,0
89,train,0.4598348140716553,0.6841999888420105,,,,50,100,200,500,200,1,1,gru,gs,50,42,0
89,test,0.5503479242324829,0.6709999442100525,,,,50,100,200,500,200,1,1,gru,gs,50,42,0
90,train,0.4739120602607727,0.6824000477790833,0.65625,15.87025578216588,40.77872740259623,50,100,200,500,200,1,1,gru,gs,50,42,0
90,test,0.5171278715133667,0.6759999990463257,,,,50,100,200,500,200,1,1,gru,gs,50,42,0
91,train,0.456612765789032,0.6902000308036804,,,,50,100,200,500,200,1,1,gru,gs,50,42,0
91,test,0.5340844988822937,0.6649999618530273,,,,50,100,200,500,200,1,1,gru,gs,50,42,0
92,train,0.46070602536201477,0.6827999949455261,,,,50,100,200,500,200,1,1,gru,gs,50,42,0
92,test,0.5171548128128052,0.6650000810623169,,,,50,100,200,500,200,1,1,gru,gs,50,42,0
93,train,0.4586845338344574,0.6840000748634338,,,,50,100,200,500,200,1,1,gru,gs,50,42,0
93,test,0.5503860712051392,0.6710000038146973,,,,50,100,200,500,200,1,1,gru,gs,50,42,0
94,train,0.4630700647830963,0.6780000329017639,,,,50,100,200,500,200,1,1,gru,gs,50,42,0
94,test,0.5396472215652466,0.6699999570846558,,,,50,100,200,500,200,1,1,gru,gs,50,42,0
95,train,0.4570744037628174,0.689799964427948,,,,50,100,200,500,200,1,1,gru,gs,50,42,0
95,test,0.5295582413673401,0.6640000343322754,,,,50,100,200,500,200,1,1,gru,gs,50,42,0
96,train,0.46229326725006104,0.6783999800682068,,,,50,100,200,500,200,1,1,gru,gs,50,42,0
96,test,0.5534232258796692,0.6599999666213989,,,,50,100,200,500,200,1,1,gru,gs,50,42,0
97,train,0.46538302302360535,0.6825999617576599,,,,50,100,200,500,200,1,1,gru,gs,50,42,0
97,test,0.5444380640983582,0.6850000619888306,,,,50,100,200,500,200,1,1,gru,gs,50,42,0
98,train,0.46266257762908936,0.682200014591217,,,,50,100,200,500,200,1,1,gru,gs,50,42,0
98,test,0.5544959902763367,0.6780000329017639,,,,50,100,200,500,200,1,1,gru,gs,50,42,0
99,train,0.4557286500930786,0.6866000294685364,,,,50,100,200,500,200,1,1,gru,gs,50,42,0
99,test,0.52598637342453,0.6840000152587891,,,,50,100,200,500,200,1,1,gru,gs,50,42,0
100,train,0.4605911374092102,0.6843999624252319,0.640625,15.848083997658682,40.62006520425695,50,100,200,500,200,1,1,gru,gs,50,42,0
100,test,0.6363382339477539,0.6549999713897705,,,,50,100,200,500,200,1,1,gru,gs,50,42,0
101,train,0.4579048156738281,0.6909999847412109,,,,50,100,200,500,200,1,1,gru,gs,50,42,0
101,test,0.5621079802513123,0.6690000295639038,,,,50,100,200,500,200,1,1,gru,gs,50,42,0
102,train,0.46244364976882935,0.6855999827384949,,,,50,100,200,500,200,1,1,gru,gs,50,42,0
102,test,0.5518430471420288,0.6789999604225159,,,,50,100,200,500,200,1,1,gru,gs,50,42,0
103,train,0.4581117331981659,0.6904000043869019,,,,50,100,200,500,200,1,1,gru,gs,50,42,0
103,test,0.5692614316940308,0.6609999537467957,,,,50,100,200,500,200,1,1,gru,gs,50,42,0
104,train,0.4505486786365509,0.6916000247001648,,,,50,100,200,500,200,1,1,gru,gs,50,42,0
104,test,0.5341719388961792,0.6839999556541443,,,,50,100,200,500,200,1,1,gru,gs,50,42,0
105,train,0.46053025126457214,0.6881999969482422,,,,50,100,200,500,200,1,1,gru,gs,50,42,0
105,test,0.5388325452804565,0.6820000410079956,,,,50,100,200,500,200,1,1,gru,gs,50,42,0
106,train,0.45198240876197815,0.6913999915122986,,,,50,100,200,500,200,1,1,gru,gs,50,42,0
106,test,0.5609895586967468,0.6750000715255737,,,,50,100,200,500,200,1,1,gru,gs,50,42,0
107,train,0.4616001546382904,0.6820000410079956,,,,50,100,200,500,200,1,1,gru,gs,50,42,0
107,test,0.5099294781684875,0.6830000281333923,,,,50,100,200,500,200,1,1,gru,gs,50,42,0
108,train,0.4575072228908539,0.6899999380111694,,,,50,100,200,500,200,1,1,gru,gs,50,42,0
108,test,0.5394388437271118,0.675000011920929,,,,50,100,200,500,200,1,1,gru,gs,50,42,0
109,train,0.45487672090530396,0.675599992275238,,,,50,100,200,500,200,1,1,gru,gs,50,42,0
109,test,0.5671087503433228,0.6760000586509705,,,,50,100,200,500,200,1,1,gru,gs,50,42,0
110,train,0.45631515979766846,0.6851999759674072,0.65625,15.902571602384636,39.84145516788258,50,100,200,500,200,1,1,gru,gs,50,42,0
110,test,0.5713032484054565,0.6850000619888306,,,,50,100,200,500,200,1,1,gru,gs,50,42,0
111,train,0.45547160506248474,0.6863999962806702,,,,50,100,200,500,200,1,1,gru,gs,50,42,0
111,test,0.5659843683242798,0.6690000295639038,,,,50,100,200,500,200,1,1,gru,gs,50,42,0
112,train,0.4523511230945587,0.6902000308036804,,,,50,100,200,500,200,1,1,gru,gs,50,42,0
112,test,0.5613747239112854,0.6610000729560852,,,,50,100,200,500,200,1,1,gru,gs,50,42,0
113,train,0.458780974149704,0.6858000159263611,,,,50,100,200,500,200,1,1,gru,gs,50,42,0
113,test,0.5393391847610474,0.6639999747276306,,,,50,100,200,500,200,1,1,gru,gs,50,42,0
114,train,0.4604305624961853,0.6847999691963196,,,,50,100,200,500,200,1,1,gru,gs,50,42,0
114,test,0.504501461982727,0.6699999570846558,,,,50,100,200,500,200,1,1,gru,gs,50,42,0
115,train,0.4718165993690491,0.6807999610900879,,,,50,100,200,500,200,1,1,gru,gs,50,42,0
115,test,0.5502172112464905,0.6490000486373901,,,,50,100,200,500,200,1,1,gru,gs,50,42,0
116,train,0.47186434268951416,0.6704000234603882,,,,50,100,200,500,200,1,1,gru,gs,50,42,0
116,test,0.5272356867790222,0.6669999957084656,,,,50,100,200,500,200,1,1,gru,gs,50,42,0
117,train,0.46191349625587463,0.687999963760376,,,,50,100,200,500,200,1,1,gru,gs,50,42,0
117,test,0.5188429355621338,0.6710000038146973,,,,50,100,200,500,200,1,1,gru,gs,50,42,0
118,train,0.4669632017612457,0.6855999231338501,,,,50,100,200,500,200,1,1,gru,gs,50,42,0
118,test,0.5142879486083984,0.6620000004768372,,,,50,100,200,500,200,1,1,gru,gs,50,42,0
119,train,0.4578464925289154,0.687999963760376,,,,50,100,200,500,200,1,1,gru,gs,50,42,0
119,test,0.5267390012741089,0.668999969959259,,,,50,100,200,500,200,1,1,gru,gs,50,42,0
120,train,0.45350009202957153,0.6862000226974487,0.65625,15.902571602384636,40.322914864591844,50,100,200,500,200,1,1,gru,gs,50,42,0
120,test,0.5314674377441406,0.659000039100647,,,,50,100,200,500,200,1,1,gru,gs,50,42,0
121,train,0.4568696618080139,0.6844000220298767,,,,50,100,200,500,200,1,1,gru,gs,50,42,0
121,test,0.4785093665122986,0.6609999537467957,,,,50,100,200,500,200,1,1,gru,gs,50,42,0
122,train,0.46451443433761597,0.6787999868392944,,,,50,100,200,500,200,1,1,gru,gs,50,42,0
122,test,0.5341151356697083,0.6850000619888306,,,,50,100,200,500,200,1,1,gru,gs,50,42,0
123,train,0.45618537068367004,0.6845999956130981,,,,50,100,200,500,200,1,1,gru,gs,50,42,0
123,test,0.5197951197624207,0.6539999842643738,,,,50,100,200,500,200,1,1,gru,gs,50,42,0
124,train,0.4571031928062439,0.6880000233650208,,,,50,100,200,500,200,1,1,gru,gs,50,42,0
124,test,0.5282472372055054,0.6599999666213989,,,,50,100,200,500,200,1,1,gru,gs,50,42,0
125,train,0.4539986550807953,0.6826000213623047,,,,50,100,200,500,200,1,1,gru,gs,50,42,0
125,test,0.5647034645080566,0.6599999666213989,,,,50,100,200,500,200,1,1,gru,gs,50,42,0
126,train,0.4580220878124237,0.6876000165939331,,,,50,100,200,500,200,1,1,gru,gs,50,42,0
126,test,0.538585901260376,0.6729999780654907,,,,50,100,200,500,200,1,1,gru,gs,50,42,0
127,train,0.4512225389480591,0.6916000247001648,,,,50,100,200,500,200,1,1,gru,gs,50,42,0
127,test,0.534030556678772,0.6829999685287476,,,,50,100,200,500,200,1,1,gru,gs,50,42,0
128,train,0.45208221673965454,0.6898000240325928,,,,50,100,200,500,200,1,1,gru,gs,50,42,0
128,test,0.5244480967521667,0.6709999442100525,,,,50,100,200,500,200,1,1,gru,gs,50,42,0
129,train,0.45211055874824524,0.6860000491142273,,,,50,100,200,500,200,1,1,gru,gs,50,42,0
129,test,0.545177698135376,0.6650000214576721,,,,50,100,200,500,200,1,1,gru,gs,50,42,0
130,train,0.4537730813026428,0.6855999827384949,0.65625,15.917450869051596,40.602268246966744,50,100,200,500,200,1,1,gru,gs,50,42,0
130,test,0.5412425398826599,0.6700000166893005,,,,50,100,200,500,200,1,1,gru,gs,50,42,0
131,train,0.45615333318710327,0.6873999834060669,,,,50,100,200,500,200,1,1,gru,gs,50,42,0
131,test,0.4427291750907898,0.7120000123977661,,,,50,100,200,500,200,1,1,gru,gs,50,42,0
132,train,0.44133487343788147,0.693399965763092,,,,50,100,200,500,200,1,1,gru,gs,50,42,0
132,test,0.43983548879623413,0.6960000395774841,,,,50,100,200,500,200,1,1,gru,gs,50,42,0
133,train,0.4475163221359253,0.6840000152587891,,,,50,100,200,500,200,1,1,gru,gs,50,42,0
133,test,0.440049409866333,0.7129999995231628,,,,50,100,200,500,200,1,1,gru,gs,50,42,0
134,train,0.4398161768913269,0.6965999603271484,,,,50,100,200,500,200,1,1,gru,gs,50,42,0
134,test,0.4365621507167816,0.7089999914169312,,,,50,100,200,500,200,1,1,gru,gs,50,42,0
135,train,0.4432232677936554,0.6914000511169434,,,,50,100,200,500,200,1,1,gru,gs,50,42,0
135,test,0.4408623278141022,0.6940000057220459,,,,50,100,200,500,200,1,1,gru,gs,50,42,0
136,train,0.4413815438747406,0.6840000152587891,,,,50,100,200,500,200,1,1,gru,gs,50,42,0
136,test,0.4365697503089905,0.706000030040741,,,,50,100,200,500,200,1,1,gru,gs,50,42,0
137,train,0.4434337317943573,0.6973999738693237,,,,50,100,200,500,200,1,1,gru,gs,50,42,0
137,test,0.43890222907066345,0.6889999508857727,,,,50,100,200,500,200,1,1,gru,gs,50,42,0
138,train,0.43845683336257935,0.6874000430107117,,,,50,100,200,500,200,1,1,gru,gs,50,42,0
138,test,0.43552178144454956,0.7170000672340393,,,,50,100,200,500,200,1,1,gru,gs,50,42,0
139,train,0.43742188811302185,0.6973999738693237,,,,50,100,200,500,200,1,1,gru,gs,50,42,0
139,test,0.4393553137779236,0.718000054359436,,,,50,100,200,500,200,1,1,gru,gs,50,42,0
140,train,0.4385753870010376,0.6912000179290771,0.6875,15.782163243686686,40.29208041115019,50,100,200,500,200,1,1,gru,gs,50,42,0
140,test,0.4361885190010071,0.7070000767707825,,,,50,100,200,500,200,1,1,gru,gs,50,42,0
141,train,0.43806421756744385,0.6878000497817993,,,,50,100,200,500,200,1,1,gru,gs,50,42,0
141,test,0.4369102120399475,0.7130000591278076,,,,50,100,200,500,200,1,1,gru,gs,50,42,0
142,train,0.43816938996315,0.693399965763092,,,,50,100,200,500,200,1,1,gru,gs,50,42,0
142,test,0.43955105543136597,0.6859999895095825,,,,50,100,200,500,200,1,1,gru,gs,50,42,0
143,train,0.4375413656234741,0.6957999467849731,,,,50,100,200,500,200,1,1,gru,gs,50,42,0
143,test,0.43656015396118164,0.7199999690055847,,,,50,100,200,500,200,1,1,gru,gs,50,42,0
144,train,0.43861156702041626,0.698199987411499,,,,50,100,200,500,200,1,1,gru,gs,50,42,0
144,test,0.4363555312156677,0.7039999961853027,,,,50,100,200,500,200,1,1,gru,gs,50,42,0
145,train,0.4374646246433258,0.6955999732017517,,,,50,100,200,500,200,1,1,gru,gs,50,42,0
145,test,0.4407119154930115,0.7120000123977661,,,,50,100,200,500,200,1,1,gru,gs,50,42,0
146,train,0.4407585859298706,0.6909999847412109,,,,50,100,200,500,200,1,1,gru,gs,50,42,0
146,test,0.43583592772483826,0.7139999866485596,,,,50,100,200,500,200,1,1,gru,gs,50,42,0
147,train,0.43716681003570557,0.7000000476837158,,,,50,100,200,500,200,1,1,gru,gs,50,42,0
147,test,0.43992623686790466,0.7039999961853027,,,,50,100,200,500,200,1,1,gru,gs,50,42,0
148,train,0.43866637349128723,0.6917999982833862,,,,50,100,200,500,200,1,1,gru,gs,50,42,0
148,test,0.43939536809921265,0.7010000348091125,,,,50,100,200,500,200,1,1,gru,gs,50,42,0
149,train,0.45027393102645874,0.6883999705314636,,,,50,100,200,500,200,1,1,gru,gs,50,42,0
149,test,0.43580135703086853,0.7150000333786011,,,,50,100,200,500,200,1,1,gru,gs,50,42,0
150,train,0.4386039078235626,0.6847999691963196,0.6875,15.782163243686686,40.162194201313376,50,100,200,500,200,1,1,gru,gs,50,42,0
150,test,0.4421493411064148,0.7029999494552612,,,,50,100,200,500,200,1,1,gru,gs,50,42,0
151,train,0.43735015392303467,0.6886000037193298,,,,50,100,200,500,200,1,1,gru,gs,50,42,0
151,test,0.43833112716674805,0.687999963760376,,,,50,100,200,500,200,1,1,gru,gs,50,42,0
152,train,0.4382115304470062,0.6931999921798706,,,,50,100,200,500,200,1,1,gru,gs,50,42,0
152,test,0.4395768642425537,0.7050000429153442,,,,50,100,200,500,200,1,1,gru,gs,50,42,0
153,train,0.43837061524391174,0.6904000043869019,,,,50,100,200,500,200,1,1,gru,gs,50,42,0
153,test,0.4391361176967621,0.7059999704360962,,,,50,100,200,500,200,1,1,gru,gs,50,42,0
154,train,0.4379735589027405,0.6899999976158142,,,,50,100,200,500,200,1,1,gru,gs,50,42,0
154,test,0.4408629834651947,0.7029999494552612,,,,50,100,200,500,200,1,1,gru,gs,50,42,0
155,train,0.44112616777420044,0.6926000118255615,,,,50,100,200,500,200,1,1,gru,gs,50,42,0
155,test,0.4368968904018402,0.7110000848770142,,,,50,100,200,500,200,1,1,gru,gs,50,42,0
156,train,0.43678614497184753,0.6917999982833862,,,,50,100,200,500,200,1,1,gru,gs,50,42,0
156,test,0.43811720609664917,0.7020000219345093,,,,50,100,200,500,200,1,1,gru,gs,50,42,0
157,train,0.43761879205703735,0.699400007724762,,,,50,100,200,500,200,1,1,gru,gs,50,42,0
157,test,0.43928176164627075,0.6949999928474426,,,,50,100,200,500,200,1,1,gru,gs,50,42,0
158,train,0.43799078464508057,0.6904000639915466,,,,50,100,200,500,200,1,1,gru,gs,50,42,0
158,test,0.4380493760108948,0.6969999670982361,,,,50,100,200,500,200,1,1,gru,gs,50,42,0
159,train,0.44200456142425537,0.6938000321388245,,,,50,100,200,500,200,1,1,gru,gs,50,42,0
159,test,0.4386644959449768,0.7129999399185181,,,,50,100,200,500,200,1,1,gru,gs,50,42,0
160,train,0.4402299225330353,0.694599986076355,0.6875,15.782163243686686,37.06337581149143,50,100,200,500,200,1,1,gru,gs,50,42,0
160,test,0.4373127520084381,0.715999960899353,,,,50,100,200,500,200,1,1,gru,gs,50,42,0
161,train,0.44270169734954834,0.6958000063896179,,,,50,100,200,500,200,1,1,gru,gs,50,42,0
161,test,0.44107747077941895,0.7029999494552612,,,,50,100,200,500,200,1,1,gru,gs,50,42,0
162,train,0.4402582049369812,0.6941999793052673,,,,50,100,200,500,200,1,1,gru,gs,50,42,0
162,test,0.4431512951850891,0.7069999575614929,,,,50,100,200,500,200,1,1,gru,gs,50,42,0
163,train,0.43828314542770386,0.6987999677658081,,,,50,100,200,500,200,1,1,gru,gs,50,42,0
163,test,0.44013291597366333,0.687999963760376,,,,50,100,200,500,200,1,1,gru,gs,50,42,0
164,train,0.4384475350379944,0.6924000382423401,,,,50,100,200,500,200,1,1,gru,gs,50,42,0
164,test,0.43798428773880005,0.6959999799728394,,,,50,100,200,500,200,1,1,gru,gs,50,42,0
165,train,0.4382881820201874,0.6917999386787415,,,,50,100,200,500,200,1,1,gru,gs,50,42,0
165,test,0.4416891932487488,0.7150000333786011,,,,50,100,200,500,200,1,1,gru,gs,50,42,0
166,train,0.4384125769138336,0.6943999528884888,,,,50,100,200,500,200,1,1,gru,gs,50,42,0
166,test,0.4382777214050293,0.7129999399185181,,,,50,100,200,500,200,1,1,gru,gs,50,42,0
167,train,0.43740206956863403,0.6972000002861023,,,,50,100,200,500,200,1,1,gru,gs,50,42,0
167,test,0.43782907724380493,0.7070000171661377,,,,50,100,200,500,200,1,1,gru,gs,50,42,0
168,train,0.4369306266307831,0.7033999562263489,,,,50,100,200,500,200,1,1,gru,gs,50,42,0
168,test,0.43579578399658203,0.7089999914169312,,,,50,100,200,500,200,1,1,gru,gs,50,42,0
169,train,0.4427250027656555,0.6917999982833862,,,,50,100,200,500,200,1,1,gru,gs,50,42,0
169,test,0.4388607442378998,0.706000030040741,,,,50,100,200,500,200,1,1,gru,gs,50,42,0
170,train,0.4373994469642639,0.6926000118255615,0.6875,15.782163243686686,40.48073692770218,50,100,200,500,200,1,1,gru,gs,50,42,0
170,test,0.4377371370792389,0.7010000944137573,,,,50,100,200,500,200,1,1,gru,gs,50,42,0
171,train,0.4377020299434662,0.6891999840736389,,,,50,100,200,500,200,1,1,gru,gs,50,42,0
171,test,0.44066905975341797,0.7100000381469727,,,,50,100,200,500,200,1,1,gru,gs,50,42,0
172,train,0.4369014501571655,0.6976000070571899,,,,50,100,200,500,200,1,1,gru,gs,50,42,0
172,test,0.44532066583633423,0.6990000009536743,,,,50,100,200,500,200,1,1,gru,gs,50,42,0
173,train,0.43860581517219543,0.6908000111579895,,,,50,100,200,500,200,1,1,gru,gs,50,42,0
173,test,0.4387342929840088,0.6960000395774841,,,,50,100,200,500,200,1,1,gru,gs,50,42,0
174,train,0.4373301565647125,0.6922000050544739,,,,50,100,200,500,200,1,1,gru,gs,50,42,0
174,test,0.43689870834350586,0.7140000462532043,,,,50,100,200,500,200,1,1,gru,gs,50,42,0
175,train,0.4375574588775635,0.6948000192642212,,,,50,100,200,500,200,1,1,gru,gs,50,42,0
175,test,0.437493234872818,0.7080000042915344,,,,50,100,200,500,200,1,1,gru,gs,50,42,0
176,train,0.4374455511569977,0.6953999400138855,,,,50,100,200,500,200,1,1,gru,gs,50,42,0
176,test,0.43920499086380005,0.6970000267028809,,,,50,100,200,500,200,1,1,gru,gs,50,42,0
177,train,0.43970221281051636,0.6944000124931335,,,,50,100,200,500,200,1,1,gru,gs,50,42,0
177,test,0.43825793266296387,0.6970000267028809,,,,50,100,200,500,200,1,1,gru,gs,50,42,0
178,train,0.4441883862018585,0.6883999705314636,,,,50,100,200,500,200,1,1,gru,gs,50,42,0
178,test,0.4415995180606842,0.6929999589920044,,,,50,100,200,500,200,1,1,gru,gs,50,42,0
179,train,0.44094645977020264,0.6916000247001648,,,,50,100,200,500,200,1,1,gru,gs,50,42,0
179,test,0.44072508811950684,0.7139999866485596,,,,50,100,200,500,200,1,1,gru,gs,50,42,0
180,train,0.4417570233345032,0.6962000131607056,0.6875,15.782163243686686,39.77298415869991,50,100,200,500,200,1,1,gru,gs,50,42,0
180,test,0.43755587935447693,0.7039999961853027,,,,50,100,200,500,200,1,1,gru,gs,50,42,0
181,train,0.43673157691955566,0.6908000111579895,,,,50,100,200,500,200,1,1,gru,gs,50,42,0
181,test,0.43678778409957886,0.7000000476837158,,,,50,100,200,500,200,1,1,gru,gs,50,42,0
182,train,0.4377765953540802,0.6909999847412109,,,,50,100,200,500,200,1,1,gru,gs,50,42,0
182,test,0.4373224675655365,0.6949999928474426,,,,50,100,200,500,200,1,1,gru,gs,50,42,0
183,train,0.43760573863983154,0.6917999982833862,,,,50,100,200,500,200,1,1,gru,gs,50,42,0
183,test,0.5226473808288574,0.7080000042915344,,,,50,100,200,500,200,1,1,gru,gs,50,42,0
184,train,0.4396597743034363,0.6935999989509583,,,,50,100,200,500,200,1,1,gru,gs,50,42,0
184,test,0.4402538239955902,0.6970000267028809,,,,50,100,200,500,200,1,1,gru,gs,50,42,0
185,train,0.4466657340526581,0.699400007724762,,,,50,100,200,500,200,1,1,gru,gs,50,42,0
185,test,0.4385364055633545,0.6980000138282776,,,,50,100,200,500,200,1,1,gru,gs,50,42,0
186,train,0.4371511936187744,0.6990000009536743,,,,50,100,200,500,200,1,1,gru,gs,50,42,0
186,test,0.4384602904319763,0.7039999961853027,,,,50,100,200,500,200,1,1,gru,gs,50,42,0
187,train,0.4378867447376251,0.6855999827384949,,,,50,100,200,500,200,1,1,gru,gs,50,42,0
187,test,0.4380248188972473,0.7049999833106995,,,,50,100,200,500,200,1,1,gru,gs,50,42,0
188,train,0.4365726411342621,0.6981999278068542,,,,50,100,200,500,200,1,1,gru,gs,50,42,0
188,test,0.4357307553291321,0.7120000123977661,,,,50,100,200,500,200,1,1,gru,gs,50,42,0
189,train,0.439380407333374,0.6910000443458557,,,,50,100,200,500,200,1,1,gru,gs,50,42,0
189,test,0.4377855360507965,0.7050000429153442,,,,50,100,200,500,200,1,1,gru,gs,50,42,0
190,train,0.43700969219207764,0.6940000057220459,0.6875,15.782163243686686,40.867271106325234,50,100,200,500,200,1,1,gru,gs,50,42,0
190,test,0.4384285807609558,0.6990000009536743,,,,50,100,200,500,200,1,1,gru,gs,50,42,0
191,train,0.4372783303260803,0.6965999603271484,,,,50,100,200,500,200,1,1,gru,gs,50,42,0
191,test,0.4360380172729492,0.6990000009536743,,,,50,100,200,500,200,1,1,gru,gs,50,42,0
192,train,0.4376359283924103,0.6935999989509583,,,,50,100,200,500,200,1,1,gru,gs,50,42,0
192,test,0.43850746750831604,0.6980000734329224,,,,50,100,200,500,200,1,1,gru,gs,50,42,0
193,train,0.43875908851623535,0.6964000463485718,,,,50,100,200,500,200,1,1,gru,gs,50,42,0
193,test,0.43622317910194397,0.7139999270439148,,,,50,100,200,500,200,1,1,gru,gs,50,42,0
194,train,0.4372250735759735,0.6987999677658081,,,,50,100,200,500,200,1,1,gru,gs,50,42,0
194,test,0.43606629967689514,0.7160000801086426,,,,50,100,200,500,200,1,1,gru,gs,50,42,0
195,train,0.43778762221336365,0.6953999996185303,,,,50,100,200,500,200,1,1,gru,gs,50,42,0
195,test,0.4373559057712555,0.7129999995231628,,,,50,100,200,500,200,1,1,gru,gs,50,42,0
196,train,0.41797763109207153,0.7167999744415283,,,,50,100,200,500,200,1,1,gru,gs,50,42,0
196,test,0.38950055837631226,0.7490000128746033,,,,50,100,200,500,200,1,1,gru,gs,50,42,0
197,train,0.3966802954673767,0.7220000624656677,,,,50,100,200,500,200,1,1,gru,gs,50,42,0
197,test,0.3896496593952179,0.7479999661445618,,,,50,100,200,500,200,1,1,gru,gs,50,42,0
198,train,0.40341225266456604,0.7296000123023987,,,,50,100,200,500,200,1,1,gru,gs,50,42,0
198,test,0.39266330003738403,0.7310000658035278,,,,50,100,200,500,200,1,1,gru,gs,50,42,0
199,train,0.3965204954147339,0.7211999297142029,,,,50,100,200,500,200,1,1,gru,gs,50,42,0
199,test,0.3898569941520691,0.7389999628067017,,,,50,100,200,500,200,1,1,gru,gs,50,42,0
200,train,0.3953542709350586,0.7250000238418579,0.71875,15.644268185602982,40.66971620691084,50,100,200,500,200,1,1,gru,gs,50,42,0
200,test,0.3931921422481537,0.7299999594688416,,,,50,100,200,500,200,1,1,gru,gs,50,42,0
201,train,0.3955255448818207,0.7237999439239502,,,,50,100,200,500,200,1,1,gru,gs,50,42,0
201,test,0.39174479246139526,0.7409999966621399,,,,50,100,200,500,200,1,1,gru,gs,50,42,0
202,train,0.39496615529060364,0.7242000102996826,,,,50,100,200,500,200,1,1,gru,gs,50,42,0
202,test,0.3891277611255646,0.7450000047683716,,,,50,100,200,500,200,1,1,gru,gs,50,42,0
203,train,0.3954096734523773,0.7229999303817749,,,,50,100,200,500,200,1,1,gru,gs,50,42,0
203,test,0.38910147547721863,0.734000027179718,,,,50,100,200,500,200,1,1,gru,gs,50,42,0
204,train,0.3942168951034546,0.7266000509262085,,,,50,100,200,500,200,1,1,gru,gs,50,42,0
204,test,0.38834792375564575,0.7429999113082886,,,,50,100,200,500,200,1,1,gru,gs,50,42,0
205,train,0.39442458748817444,0.7201999425888062,,,,50,100,200,500,200,1,1,gru,gs,50,42,0
205,test,0.3901946246623993,0.7459999918937683,,,,50,100,200,500,200,1,1,gru,gs,50,42,0
206,train,0.39739158749580383,0.7260000705718994,,,,50,100,200,500,200,1,1,gru,gs,50,42,0
206,test,0.39424413442611694,0.7310000061988831,,,,50,100,200,500,200,1,1,gru,gs,50,42,0
207,train,0.39653465151786804,0.7226000428199768,,,,50,100,200,500,200,1,1,gru,gs,50,42,0
207,test,0.3920329809188843,0.7440000176429749,,,,50,100,200,500,200,1,1,gru,gs,50,42,0
208,train,0.3948373794555664,0.7251999378204346,,,,50,100,200,500,200,1,1,gru,gs,50,42,0
208,test,0.3889721632003784,0.7329999804496765,,,,50,100,200,500,200,1,1,gru,gs,50,42,0
209,train,0.3944742977619171,0.7236000299453735,,,,50,100,200,500,200,1,1,gru,gs,50,42,0
209,test,0.38800886273384094,0.7419999837875366,,,,50,100,200,500,200,1,1,gru,gs,50,42,0
210,train,0.428532212972641,0.7113999724388123,0.703125,15.672067974836384,40.42432349501186,50,100,200,500,200,1,1,gru,gs,50,42,0
210,test,0.4160913825035095,0.7170000076293945,,,,50,100,200,500,200,1,1,gru,gs,50,42,0
211,train,0.4165002405643463,0.7158000469207764,,,,50,100,200,500,200,1,1,gru,gs,50,42,0
211,test,0.41724252700805664,0.7130000591278076,,,,50,100,200,500,200,1,1,gru,gs,50,42,0
212,train,0.41677817702293396,0.7084000110626221,,,,50,100,200,500,200,1,1,gru,gs,50,42,0
212,test,0.41548413038253784,0.7250000238418579,,,,50,100,200,500,200,1,1,gru,gs,50,42,0
213,train,0.4167258143424988,0.7079999446868896,,,,50,100,200,500,200,1,1,gru,gs,50,42,0
213,test,0.4162261486053467,0.718999981880188,,,,50,100,200,500,200,1,1,gru,gs,50,42,0
214,train,0.4154700040817261,0.7063999772071838,,,,50,100,200,500,200,1,1,gru,gs,50,42,0
214,test,0.4157516360282898,0.7229999303817749,,,,50,100,200,500,200,1,1,gru,gs,50,42,0
215,train,0.41718780994415283,0.7115999460220337,,,,50,100,200,500,200,1,1,gru,gs,50,42,0
215,test,0.41642361879348755,0.7199999690055847,,,,50,100,200,500,200,1,1,gru,gs,50,42,0
216,train,0.41639310121536255,0.7095999717712402,,,,50,100,200,500,200,1,1,gru,gs,50,42,0
216,test,0.4181467890739441,0.7250000238418579,,,,50,100,200,500,200,1,1,gru,gs,50,42,0
217,train,0.4087287485599518,0.7183999419212341,,,,50,100,200,500,200,1,1,gru,gs,50,42,0
217,test,0.392738401889801,0.7450000047683716,,,,50,100,200,500,200,1,1,gru,gs,50,42,0
218,train,0.39503777027130127,0.7226000428199768,,,,50,100,200,500,200,1,1,gru,gs,50,42,0
218,test,0.3892391324043274,0.7429999113082886,,,,50,100,200,500,200,1,1,gru,gs,50,42,0
219,train,0.39386069774627686,0.7308000326156616,,,,50,100,200,500,200,1,1,gru,gs,50,42,0
219,test,0.3920479118824005,0.722000002861023,,,,50,100,200,500,200,1,1,gru,gs,50,42,0
220,train,0.3947398066520691,0.7230000495910645,0.71875,15.644268185602982,39.327610606395986,50,100,200,500,200,1,1,gru,gs,50,42,0
220,test,0.3911828398704529,0.7540000081062317,,,,50,100,200,500,200,1,1,gru,gs,50,42,0
221,train,0.3940693736076355,0.7242000102996826,,,,50,100,200,500,200,1,1,gru,gs,50,42,0
221,test,0.39134424924850464,0.7369999885559082,,,,50,100,200,500,200,1,1,gru,gs,50,42,0
222,train,0.39421141147613525,0.7257999181747437,,,,50,100,200,500,200,1,1,gru,gs,50,42,0
222,test,0.39012712240219116,0.7390000224113464,,,,50,100,200,500,200,1,1,gru,gs,50,42,0
223,train,0.3993254005908966,0.7290000915527344,,,,50,100,200,500,200,1,1,gru,gs,50,42,0
223,test,0.38860923051834106,0.7430000305175781,,,,50,100,200,500,200,1,1,gru,gs,50,42,0
224,train,0.3964642584323883,0.7228000164031982,,,,50,100,200,500,200,1,1,gru,gs,50,42,0
224,test,0.38935476541519165,0.7379999160766602,,,,50,100,200,500,200,1,1,gru,gs,50,42,0
225,train,0.39617598056793213,0.7205999493598938,,,,50,100,200,500,200,1,1,gru,gs,50,42,0
225,test,0.39007359743118286,0.7390000224113464,,,,50,100,200,500,200,1,1,gru,gs,50,42,0
226,train,0.3953424096107483,0.7225999236106873,,,,50,100,200,500,200,1,1,gru,gs,50,42,0
226,test,0.38967373967170715,0.7419999837875366,,,,50,100,200,500,200,1,1,gru,gs,50,42,0
227,train,0.3948169946670532,0.7205999493598938,,,,50,100,200,500,200,1,1,gru,gs,50,42,0
227,test,0.3899964988231659,0.7319999933242798,,,,50,100,200,500,200,1,1,gru,gs,50,42,0
228,train,0.39424559473991394,0.725399911403656,,,,50,100,200,500,200,1,1,gru,gs,50,42,0
228,test,0.38869044184684753,0.7429999113082886,,,,50,100,200,500,200,1,1,gru,gs,50,42,0
229,train,0.39365214109420776,0.7287999987602234,,,,50,100,200,500,200,1,1,gru,gs,50,42,0
229,test,0.39465656876564026,0.7299999594688416,,,,50,100,200,500,200,1,1,gru,gs,50,42,0
230,train,0.4000343382358551,0.7284000515937805,0.71875,15.644268185602982,40.46534666486827,50,100,200,500,200,1,1,gru,gs,50,42,0
230,test,0.3920705318450928,0.718000054359436,,,,50,100,200,500,200,1,1,gru,gs,50,42,0
231,train,0.3974151909351349,0.730400025844574,,,,50,100,200,500,200,1,1,gru,gs,50,42,0
231,test,0.390401154756546,0.7389999628067017,,,,50,100,200,500,200,1,1,gru,gs,50,42,0
232,train,0.40029609203338623,0.7278000116348267,,,,50,100,200,500,200,1,1,gru,gs,50,42,0
232,test,0.38953301310539246,0.734000027179718,,,,50,100,200,500,200,1,1,gru,gs,50,42,0
233,train,0.3948596119880676,0.7264000177383423,,,,50,100,200,500,200,1,1,gru,gs,50,42,0
233,test,0.38902634382247925,0.7419999837875366,,,,50,100,200,500,200,1,1,gru,gs,50,42,0
234,train,0.3960205018520355,0.7280000448226929,,,,50,100,200,500,200,1,1,gru,gs,50,42,0
234,test,0.39118146896362305,0.7399999499320984,,,,50,100,200,500,200,1,1,gru,gs,50,42,0
235,train,0.3938395380973816,0.7252000570297241,,,,50,100,200,500,200,1,1,gru,gs,50,42,0
235,test,0.3888137936592102,0.7350000143051147,,,,50,100,200,500,200,1,1,gru,gs,50,42,0
236,train,0.39395520091056824,0.7310000061988831,,,,50,100,200,500,200,1,1,gru,gs,50,42,0
236,test,0.3912839889526367,0.7350000143051147,,,,50,100,200,500,200,1,1,gru,gs,50,42,0
237,train,0.3944762051105499,0.72760009765625,,,,50,100,200,500,200,1,1,gru,gs,50,42,0
237,test,0.3904891014099121,0.7400000095367432,,,,50,100,200,500,200,1,1,gru,gs,50,42,0
238,train,0.3941808342933655,0.724600076675415,,,,50,100,200,500,200,1,1,gru,gs,50,42,0
238,test,0.3893875777721405,0.7380000948905945,,,,50,100,200,500,200,1,1,gru,gs,50,42,0
239,train,0.3947114944458008,0.7228000164031982,,,,50,100,200,500,200,1,1,gru,gs,50,42,0
239,test,0.3892042636871338,0.7380000352859497,,,,50,100,200,500,200,1,1,gru,gs,50,42,0
240,train,0.3942002058029175,0.7205999493598938,0.71875,15.644268185602982,41.20371550272612,50,100,200,500,200,1,1,gru,gs,50,42,0
240,test,0.3887364864349365,0.7409999966621399,,,,50,100,200,500,200,1,1,gru,gs,50,42,0
241,train,0.39423033595085144,0.7312000393867493,,,,50,100,200,500,200,1,1,gru,gs,50,42,0
241,test,0.3896966278553009,0.7350000143051147,,,,50,100,200,500,200,1,1,gru,gs,50,42,0
242,train,0.39409124851226807,0.7236000299453735,,,,50,100,200,500,200,1,1,gru,gs,50,42,0
242,test,0.38841789960861206,0.7399999499320984,,,,50,100,200,500,200,1,1,gru,gs,50,42,0
243,train,0.3936823904514313,0.725399911403656,,,,50,100,200,500,200,1,1,gru,gs,50,42,0
243,test,0.38810184597969055,0.7489999532699585,,,,50,100,200,500,200,1,1,gru,gs,50,42,0
244,train,0.39361515641212463,0.7240000367164612,,,,50,100,200,500,200,1,1,gru,gs,50,42,0
244,test,0.3884635269641876,0.7459999918937683,,,,50,100,200,500,200,1,1,gru,gs,50,42,0
245,train,0.39377906918525696,0.7230000495910645,,,,50,100,200,500,200,1,1,gru,gs,50,42,0
245,test,0.39159730076789856,0.7269999980926514,,,,50,100,200,500,200,1,1,gru,gs,50,42,0
246,train,0.3934490978717804,0.7299998998641968,,,,50,100,200,500,200,1,1,gru,gs,50,42,0
246,test,0.3897250294685364,0.7360000610351562,,,,50,100,200,500,200,1,1,gru,gs,50,42,0
247,train,0.394460529088974,0.727400004863739,,,,50,100,200,500,200,1,1,gru,gs,50,42,0
247,test,0.38934266567230225,0.7369999885559082,,,,50,100,200,500,200,1,1,gru,gs,50,42,0
248,train,0.394893616437912,0.7201999425888062,,,,50,100,200,500,200,1,1,gru,gs,50,42,0
248,test,0.3914821743965149,0.7389999628067017,,,,50,100,200,500,200,1,1,gru,gs,50,42,0
249,train,0.3937409520149231,0.7234000563621521,,,,50,100,200,500,200,1,1,gru,gs,50,42,0
249,test,0.39174768328666687,0.73499995470047,,,,50,100,200,500,200,1,1,gru,gs,50,42,0
250,train,0.39563462138175964,0.735200047492981,0.75,14.855305918813201,41.621001762336306,50,100,200,500,200,1,1,gru,gs,50,42,0
250,test,0.36363279819488525,0.775999903678894,,,,50,100,200,500,200,1,1,gru,gs,50,42,0
251,train,0.3606014549732208,0.7494000196456909,,,,50,100,200,500,200,1,1,gru,gs,50,42,0
251,test,0.3479788303375244,0.781000018119812,,,,50,100,200,500,200,1,1,gru,gs,50,42,0
252,train,0.35585087537765503,0.7526000142097473,,,,50,100,200,500,200,1,1,gru,gs,50,42,0
252,test,0.347520112991333,0.7680000066757202,,,,50,100,200,500,200,1,1,gru,gs,50,42,0
253,train,0.3630686104297638,0.753600001335144,,,,50,100,200,500,200,1,1,gru,gs,50,42,0
253,test,0.34587037563323975,0.781000018119812,,,,50,100,200,500,200,1,1,gru,gs,50,42,0
254,train,0.35558441281318665,0.753000020980835,,,,50,100,200,500,200,1,1,gru,gs,50,42,0
254,test,0.345461368560791,0.778999924659729,,,,50,100,200,500,200,1,1,gru,gs,50,42,0
255,train,0.3540726602077484,0.7525999546051025,,,,50,100,200,500,200,1,1,gru,gs,50,42,0
255,test,0.348287433385849,0.7689999938011169,,,,50,100,200,500,200,1,1,gru,gs,50,42,0
256,train,0.3563706874847412,0.7545999884605408,,,,50,100,200,500,200,1,1,gru,gs,50,42,0
256,test,0.3491359353065491,0.7619999647140503,,,,50,100,200,500,200,1,1,gru,gs,50,42,0
257,train,0.3529821038246155,0.7609999179840088,,,,50,100,200,500,200,1,1,gru,gs,50,42,0
257,test,0.35259222984313965,0.7599999904632568,,,,50,100,200,500,200,1,1,gru,gs,50,42,0
258,train,0.354595422744751,0.7547999620437622,,,,50,100,200,500,200,1,1,gru,gs,50,42,0
258,test,0.3468168377876282,0.7680000066757202,,,,50,100,200,500,200,1,1,gru,gs,50,42,0
259,train,0.35402733087539673,0.7491999864578247,,,,50,100,200,500,200,1,1,gru,gs,50,42,0
259,test,0.3492717742919922,0.7519999742507935,,,,50,100,200,500,200,1,1,gru,gs,50,42,0
260,train,0.354317307472229,0.7490000128746033,0.75,14.855305918813201,42.78637524428907,50,100,200,500,200,1,1,gru,gs,50,42,0
260,test,0.3477044105529785,0.7670000195503235,,,,50,100,200,500,200,1,1,gru,gs,50,42,0
261,train,0.3538511395454407,0.7540000081062317,,,,50,100,200,500,200,1,1,gru,gs,50,42,0
261,test,0.3467710614204407,0.7710000276565552,,,,50,100,200,500,200,1,1,gru,gs,50,42,0
262,train,0.3538658618927002,0.7491999864578247,,,,50,100,200,500,200,1,1,gru,gs,50,42,0
262,test,0.34672674536705017,0.7710000276565552,,,,50,100,200,500,200,1,1,gru,gs,50,42,0
263,train,0.35324326157569885,0.756600022315979,,,,50,100,200,500,200,1,1,gru,gs,50,42,0
263,test,0.3467632234096527,0.781000018119812,,,,50,100,200,500,200,1,1,gru,gs,50,42,0
264,train,0.35633766651153564,0.7594000101089478,,,,50,100,200,500,200,1,1,gru,gs,50,42,0
264,test,0.34603577852249146,0.7719999551773071,,,,50,100,200,500,200,1,1,gru,gs,50,42,0
265,train,0.35361334681510925,0.753600001335144,,,,50,100,200,500,200,1,1,gru,gs,50,42,0
265,test,0.34855911135673523,0.7639999985694885,,,,50,100,200,500,200,1,1,gru,gs,50,42,0
266,train,0.3554014265537262,0.7537999749183655,,,,50,100,200,500,200,1,1,gru,gs,50,42,0
266,test,0.3467467129230499,0.7709999084472656,,,,50,100,200,500,200,1,1,gru,gs,50,42,0
267,train,0.35432612895965576,0.7576000094413757,,,,50,100,200,500,200,1,1,gru,gs,50,42,0
267,test,0.3459288477897644,0.7730000019073486,,,,50,100,200,500,200,1,1,gru,gs,50,42,0
268,train,0.3535296320915222,0.7512000203132629,,,,50,100,200,500,200,1,1,gru,gs,50,42,0
268,test,0.3460157513618469,0.7739999890327454,,,,50,100,200,500,200,1,1,gru,gs,50,42,0
269,train,0.35358187556266785,0.7515999674797058,,,,50,100,200,500,200,1,1,gru,gs,50,42,0
269,test,0.3473179042339325,0.7530000805854797,,,,50,100,200,500,200,1,1,gru,gs,50,42,0
270,train,0.35392239689826965,0.7497999668121338,0.75,14.855305918813201,42.08480625163806,50,100,200,500,200,1,1,gru,gs,50,42,0
270,test,0.34794872999191284,0.7709999084472656,,,,50,100,200,500,200,1,1,gru,gs,50,42,0
271,train,0.3535059690475464,0.7591999769210815,,,,50,100,200,500,200,1,1,gru,gs,50,42,0
271,test,0.346683144569397,0.7630000114440918,,,,50,100,200,500,200,1,1,gru,gs,50,42,0
272,train,0.35325005650520325,0.7562000155448914,,,,50,100,200,500,200,1,1,gru,gs,50,42,0
272,test,0.34612569212913513,0.7649999856948853,,,,50,100,200,500,200,1,1,gru,gs,50,42,0
273,train,0.3536093235015869,0.75,,,,50,100,200,500,200,1,1,gru,gs,50,42,0
273,test,0.3458380103111267,0.7689999341964722,,,,50,100,200,500,200,1,1,gru,gs,50,42,0
274,train,0.35348767042160034,0.7554000020027161,,,,50,100,200,500,200,1,1,gru,gs,50,42,0
274,test,0.34701019525527954,0.7589999437332153,,,,50,100,200,500,200,1,1,gru,gs,50,42,0
275,train,0.3537013530731201,0.7563999891281128,,,,50,100,200,500,200,1,1,gru,gs,50,42,0
275,test,0.34754034876823425,0.7740000486373901,,,,50,100,200,500,200,1,1,gru,gs,50,42,0
276,train,0.3560486137866974,0.753000020980835,,,,50,100,200,500,200,1,1,gru,gs,50,42,0
276,test,0.34618815779685974,0.777999997138977,,,,50,100,200,500,200,1,1,gru,gs,50,42,0
277,train,0.3532359004020691,0.7542000412940979,,,,50,100,200,500,200,1,1,gru,gs,50,42,0
277,test,0.345132440328598,0.7719999551773071,,,,50,100,200,500,200,1,1,gru,gs,50,42,0
278,train,0.3584121763706207,0.7526000142097473,,,,50,100,200,500,200,1,1,gru,gs,50,42,0
278,test,0.3460423946380615,0.7680000066757202,,,,50,100,200,500,200,1,1,gru,gs,50,42,0
279,train,0.35417401790618896,0.750999927520752,,,,50,100,200,500,200,1,1,gru,gs,50,42,0
279,test,0.3476054072380066,0.7820000052452087,,,,50,100,200,500,200,1,1,gru,gs,50,42,0
280,train,0.35522305965423584,0.7513999938964844,0.75,14.855305918813201,42.51585753069449,50,100,200,500,200,1,1,gru,gs,50,42,0
280,test,0.34732934832572937,0.765999972820282,,,,50,100,200,500,200,1,1,gru,gs,50,42,0
281,train,0.3736163079738617,0.7512000203132629,,,,50,100,200,500,200,1,1,gru,gs,50,42,0
281,test,0.34581422805786133,0.7739999890327454,,,,50,100,200,500,200,1,1,gru,gs,50,42,0
282,train,0.35722747445106506,0.7567999958992004,,,,50,100,200,500,200,1,1,gru,gs,50,42,0
282,test,0.347834974527359,0.7769999504089355,,,,50,100,200,500,200,1,1,gru,gs,50,42,0
283,train,0.3544656038284302,0.7483999729156494,,,,50,100,200,500,200,1,1,gru,gs,50,42,0
283,test,0.345781534910202,0.7719999551773071,,,,50,100,200,500,200,1,1,gru,gs,50,42,0
284,train,0.35317397117614746,0.7567999958992004,,,,50,100,200,500,200,1,1,gru,gs,50,42,0
284,test,0.3464313745498657,0.7690000534057617,,,,50,100,200,500,200,1,1,gru,gs,50,42,0
285,train,0.33239784836769104,0.774399995803833,,,,50,100,200,500,200,1,1,gru,gs,50,42,0
285,test,0.3060973882675171,0.7799999117851257,,,,50,100,200,500,200,1,1,gru,gs,50,42,0
286,train,0.3109850585460663,0.7872000336647034,,,,50,100,200,500,200,1,1,gru,gs,50,42,0
286,test,0.30205217003822327,0.796999990940094,,,,50,100,200,500,200,1,1,gru,gs,50,42,0
287,train,0.3101348280906677,0.7857999205589294,,,,50,100,200,500,200,1,1,gru,gs,50,42,0
287,test,0.3017009198665619,0.7899999618530273,,,,50,100,200,500,200,1,1,gru,gs,50,42,0
288,train,0.30978402495384216,0.7838000655174255,,,,50,100,200,500,200,1,1,gru,gs,50,42,0
288,test,0.30205848813056946,0.7979999780654907,,,,50,100,200,500,200,1,1,gru,gs,50,42,0
289,train,0.3103404939174652,0.7853999137878418,,,,50,100,200,500,200,1,1,gru,gs,50,42,0
289,test,0.30382540822029114,0.7800000309944153,,,,50,100,200,500,200,1,1,gru,gs,50,42,0
290,train,0.3120932877063751,0.7874000668525696,0.78125,14.066343652023422,42.912242474883826,50,100,200,500,200,1,1,gru,gs,50,42,0
290,test,0.3013381063938141,0.7940000295639038,,,,50,100,200,500,200,1,1,gru,gs,50,42,0
291,train,0.30999821424484253,0.7838000655174255,,,,50,100,200,500,200,1,1,gru,gs,50,42,0
291,test,0.3047531247138977,0.7849999666213989,,,,50,100,200,500,200,1,1,gru,gs,50,42,0
292,train,0.31033289432525635,0.784600019454956,,,,50,100,200,500,200,1,1,gru,gs,50,42,0
292,test,0.30332979559898376,0.7960000038146973,,,,50,100,200,500,200,1,1,gru,gs,50,42,0
293,train,0.30946382880210876,0.7864000201225281,,,,50,100,200,500,200,1,1,gru,gs,50,42,0
293,test,0.30076414346694946,0.7989999651908875,,,,50,100,200,500,200,1,1,gru,gs,50,42,0
294,train,0.309452623128891,0.7884000539779663,,,,50,100,200,500,200,1,1,gru,gs,50,42,0
294,test,0.301225483417511,0.8020000457763672,,,,50,100,200,500,200,1,1,gru,gs,50,42,0
295,train,0.30928027629852295,0.7878000140190125,,,,50,100,200,500,200,1,1,gru,gs,50,42,0
295,test,0.3012990951538086,0.8020000457763672,,,,50,100,200,500,200,1,1,gru,gs,50,42,0
296,train,0.30943411588668823,0.7827998995780945,,,,50,100,200,500,200,1,1,gru,gs,50,42,0
296,test,0.3031432032585144,0.7879999876022339,,,,50,100,200,500,200,1,1,gru,gs,50,42,0
297,train,0.30970028042793274,0.7831999063491821,,,,50,100,200,500,200,1,1,gru,gs,50,42,0
297,test,0.3016957640647888,0.7889999747276306,,,,50,100,200,500,200,1,1,gru,gs,50,42,0
298,train,0.30940207839012146,0.7811999320983887,,,,50,100,200,500,200,1,1,gru,gs,50,42,0
298,test,0.3018701672554016,0.7999998927116394,,,,50,100,200,500,200,1,1,gru,gs,50,42,0
299,train,0.3119310438632965,0.7872000336647034,,,,50,100,200,500,200,1,1,gru,gs,50,42,0
299,test,0.3018949031829834,0.7890000343322754,,,,50,100,200,500,200,1,1,gru,gs,50,42,0
300,train,0.3100275993347168,0.7839999198913574,0.78125,14.066343652023422,43.883870833073075,50,100,200,500,200,1,1,gru,gs,50,42,0
300,test,0.30155375599861145,0.7990000247955322,,,,50,100,200,500,200,1,1,gru,gs,50,42,0
301,train,0.3161678910255432,0.785800039768219,,,,50,100,200,500,200,1,1,gru,gs,50,42,0
301,test,0.3013821244239807,0.7960000038146973,,,,50,100,200,500,200,1,1,gru,gs,50,42,0
302,train,0.30963167548179626,0.7814000844955444,,,,50,100,200,500,200,1,1,gru,gs,50,42,0
302,test,0.30070921778678894,0.7989999651908875,,,,50,100,200,500,200,1,1,gru,gs,50,42,0
303,train,0.3133145570755005,0.7787999510765076,,,,50,100,200,500,200,1,1,gru,gs,50,42,0
303,test,0.3008686900138855,0.8020000457763672,,,,50,100,200,500,200,1,1,gru,gs,50,42,0
304,train,0.309632271528244,0.7860000133514404,,,,50,100,200,500,200,1,1,gru,gs,50,42,0
304,test,0.3018703758716583,0.800000011920929,,,,50,100,200,500,200,1,1,gru,gs,50,42,0
305,train,0.3092613220214844,0.784600019454956,,,,50,100,200,500,200,1,1,gru,gs,50,42,0
305,test,0.30346566438674927,0.7989999651908875,,,,50,100,200,500,200,1,1,gru,gs,50,42,0
306,train,0.30969980359077454,0.7884000539779663,,,,50,100,200,500,200,1,1,gru,gs,50,42,0
306,test,0.300385057926178,0.8040000200271606,,,,50,100,200,500,200,1,1,gru,gs,50,42,0
307,train,0.30990952253341675,0.7869999408721924,,,,50,100,200,500,200,1,1,gru,gs,50,42,0
307,test,0.30234628915786743,0.793999969959259,,,,50,100,200,500,200,1,1,gru,gs,50,42,0
308,train,0.310225248336792,0.7804000377655029,,,,50,100,200,500,200,1,1,gru,gs,50,42,0
308,test,0.30251795053482056,0.7899999618530273,,,,50,100,200,500,200,1,1,gru,gs,50,42,0
309,train,0.3118239641189575,0.7836000323295593,,,,50,100,200,500,200,1,1,gru,gs,50,42,0
309,test,0.3019116520881653,0.8029999732971191,,,,50,100,200,500,200,1,1,gru,gs,50,42,0
310,train,0.3091675043106079,0.7900000214576721,0.78125,14.066343652023422,43.56285246229113,50,100,200,500,200,1,1,gru,gs,50,42,0
310,test,0.30171605944633484,0.7910000085830688,,,,50,100,200,500,200,1,1,gru,gs,50,42,0
311,train,0.3109681010246277,0.7805999517440796,,,,50,100,200,500,200,1,1,gru,gs,50,42,0
311,test,0.30256909132003784,0.7870000004768372,,,,50,100,200,500,200,1,1,gru,gs,50,42,0
312,train,0.3100464642047882,0.7797999382019043,,,,50,100,200,500,200,1,1,gru,gs,50,42,0
312,test,0.3022087812423706,0.7849999666213989,,,,50,100,200,500,200,1,1,gru,gs,50,42,0
313,train,0.3107021749019623,0.7866000533103943,,,,50,100,200,500,200,1,1,gru,gs,50,42,0
313,test,0.30147606134414673,0.799000084400177,,,,50,100,200,500,200,1,1,gru,gs,50,42,0
314,train,0.30934658646583557,0.7847999334335327,,,,50,100,200,500,200,1,1,gru,gs,50,42,0
314,test,0.3013610243797302,0.796999990940094,,,,50,100,200,500,200,1,1,gru,gs,50,42,0
315,train,0.3091793954372406,0.7836000323295593,,,,50,100,200,500,200,1,1,gru,gs,50,42,0
315,test,0.30182021856307983,0.7910000085830688,,,,50,100,200,500,200,1,1,gru,gs,50,42,0
316,train,0.3093873858451843,0.7849999070167542,,,,50,100,200,500,200,1,1,gru,gs,50,42,0
316,test,0.30182671546936035,0.796999990940094,,,,50,100,200,500,200,1,1,gru,gs,50,42,0
317,train,0.3096355199813843,0.7844000458717346,,,,50,100,200,500,200,1,1,gru,gs,50,42,0
317,test,0.3022673428058624,0.7879999876022339,,,,50,100,200,500,200,1,1,gru,gs,50,42,0
318,train,0.3094801604747772,0.7886000275611877,,,,50,100,200,500,200,1,1,gru,gs,50,42,0
318,test,0.301410049200058,0.8040000200271606,,,,50,100,200,500,200,1,1,gru,gs,50,42,0
319,train,0.30941346287727356,0.7839999198913574,,,,50,100,200,500,200,1,1,gru,gs,50,42,0
319,test,0.3026551604270935,0.796999990940094,,,,50,100,200,500,200,1,1,gru,gs,50,42,0
320,train,0.30945321917533875,0.7841999530792236,0.78125,14.066343652023422,44.14485305840121,50,100,200,500,200,1,1,gru,gs,50,42,0
320,test,0.3015238642692566,0.7960000038146973,,,,50,100,200,500,200,1,1,gru,gs,50,42,0
321,train,0.3095517158508301,0.784000039100647,,,,50,100,200,500,200,1,1,gru,gs,50,42,0
321,test,0.30174148082733154,0.793999969959259,,,,50,100,200,500,200,1,1,gru,gs,50,42,0
322,train,0.30928605794906616,0.7809999585151672,,,,50,100,200,500,200,1,1,gru,gs,50,42,0
322,test,0.30230703949928284,0.7910000085830688,,,,50,100,200,500,200,1,1,gru,gs,50,42,0
323,train,0.3099430501461029,0.7823999524116516,,,,50,100,200,500,200,1,1,gru,gs,50,42,0
323,test,0.3017716109752655,0.7910000085830688,,,,50,100,200,500,200,1,1,gru,gs,50,42,0
324,train,0.3093433082103729,0.7857999205589294,,,,50,100,200,500,200,1,1,gru,gs,50,42,0
324,test,0.30199185013771057,0.7900000810623169,,,,50,100,200,500,200,1,1,gru,gs,50,42,0
325,train,0.31249386072158813,0.784600019454956,,,,50,100,200,500,200,1,1,gru,gs,50,42,0
325,test,0.3010035455226898,0.8040000200271606,,,,50,100,200,500,200,1,1,gru,gs,50,42,0
326,train,0.30949392914772034,0.7802000641822815,,,,50,100,200,500,200,1,1,gru,gs,50,42,0
326,test,0.3020383417606354,0.7989999651908875,,,,50,100,200,500,200,1,1,gru,gs,50,42,0
327,train,0.30931025743484497,0.7878000140190125,,,,50,100,200,500,200,1,1,gru,gs,50,42,0
327,test,0.302324503660202,0.7970000505447388,,,,50,100,200,500,200,1,1,gru,gs,50,42,0
328,train,0.31290343403816223,0.7904000282287598,,,,50,100,200,500,200,1,1,gru,gs,50,42,0
328,test,0.30199745297431946,0.7920000553131104,,,,50,100,200,500,200,1,1,gru,gs,50,42,0
329,train,0.3097805976867676,0.7865999341011047,,,,50,100,200,500,200,1,1,gru,gs,50,42,0
329,test,0.3022320866584778,0.7960000038146973,,,,50,100,200,500,200,1,1,gru,gs,50,42,0
330,train,0.3093479871749878,0.7879999279975891,0.78125,14.066343652023422,44.94671624190628,50,100,200,500,200,1,1,gru,gs,50,42,0
330,test,0.3019143044948578,0.796999990940094,,,,50,100,200,500,200,1,1,gru,gs,50,42,0
331,train,0.30917155742645264,0.7841999530792236,,,,50,100,200,500,200,1,1,gru,gs,50,42,0
331,test,0.3006161153316498,0.7949999570846558,,,,50,100,200,500,200,1,1,gru,gs,50,42,0
332,train,0.30949631333351135,0.7838000655174255,,,,50,100,200,500,200,1,1,gru,gs,50,42,0
332,test,0.3013664782047272,0.8019999265670776,,,,50,100,200,500,200,1,1,gru,gs,50,42,0
333,train,0.3113577365875244,0.7839999198913574,,,,50,100,200,500,200,1,1,gru,gs,50,42,0
333,test,0.3013327419757843,0.796000063419342,,,,50,100,200,500,200,1,1,gru,gs,50,42,0
334,train,0.3095908463001251,0.7832000255584717,,,,50,100,200,500,200,1,1,gru,gs,50,42,0
334,test,0.30102524161338806,0.7979999780654907,,,,50,100,200,500,200,1,1,gru,gs,50,42,0
335,train,0.3090454936027527,0.7867999076843262,,,,50,100,200,500,200,1,1,gru,gs,50,42,0
335,test,0.3021930158138275,0.7909999489784241,,,,50,100,200,500,200,1,1,gru,gs,50,42,0
336,train,0.3095487356185913,0.7880000472068787,,,,50,100,200,500,200,1,1,gru,gs,50,42,0
336,test,0.3004898428916931,0.8009999990463257,,,,50,100,200,500,200,1,1,gru,gs,50,42,0
337,train,0.3146679699420929,0.7857999205589294,,,,50,100,200,500,200,1,1,gru,gs,50,42,0
337,test,0.3024980127811432,0.7879999876022339,,,,50,100,200,500,200,1,1,gru,gs,50,42,0
338,train,0.3143466114997864,0.782599925994873,,,,50,100,200,500,200,1,1,gru,gs,50,42,0
338,test,0.3037959635257721,0.7820000052452087,,,,50,100,200,500,200,1,1,gru,gs,50,42,0
339,train,0.3095787763595581,0.785800039768219,,,,50,100,200,500,200,1,1,gru,gs,50,42,0
339,test,0.30337831377983093,0.7859998941421509,,,,50,100,200,500,200,1,1,gru,gs,50,42,0
340,train,0.30976632237434387,0.7838000655174255,0.78125,14.066343652023422,43.83023436741876,50,100,200,500,200,1,1,gru,gs,50,42,0
340,test,0.3009616732597351,0.8020000457763672,,,,50,100,200,500,200,1,1,gru,gs,50,42,0
341,train,0.3105165362358093,0.7847999334335327,,,,50,100,200,500,200,1,1,gru,gs,50,42,0
341,test,0.3017921447753906,0.7910000085830688,,,,50,100,200,500,200,1,1,gru,gs,50,42,0
342,train,0.3115697205066681,0.7802000641822815,,,,50,100,200,500,200,1,1,gru,gs,50,42,0
342,test,0.30079030990600586,0.7989999651908875,,,,50,100,200,500,200,1,1,gru,gs,50,42,0
343,train,0.3092995882034302,0.7854000329971313,,,,50,100,200,500,200,1,1,gru,gs,50,42,0
343,test,0.3013186752796173,0.7910000085830688,,,,50,100,200,500,200,1,1,gru,gs,50,42,0
344,train,0.30928272008895874,0.7874000072479248,,,,50,100,200,500,200,1,1,gru,gs,50,42,0
344,test,0.30345314741134644,0.7960000038146973,,,,50,100,200,500,200,1,1,gru,gs,50,42,0
345,train,0.3096492886543274,0.7823999524116516,,,,50,100,200,500,200,1,1,gru,gs,50,42,0
345,test,0.30126190185546875,0.7899999618530273,,,,50,100,200,500,200,1,1,gru,gs,50,42,0
346,train,0.3122037947177887,0.7834000587463379,,,,50,100,200,500,200,1,1,gru,gs,50,42,0
346,test,0.30056101083755493,0.7960000038146973,,,,50,100,200,500,200,1,1,gru,gs,50,42,0
347,train,0.31556594371795654,0.7862000465393066,,,,50,100,200,500,200,1,1,gru,gs,50,42,0
347,test,0.30255526304244995,0.793999969959259,,,,50,100,200,500,200,1,1,gru,gs,50,42,0
348,train,0.3117798864841461,0.7872000336647034,,,,50,100,200,500,200,1,1,gru,gs,50,42,0
348,test,0.3008272647857666,0.7989999651908875,,,,50,100,200,500,200,1,1,gru,gs,50,42,0
349,train,0.30963853001594543,0.7842000722885132,,,,50,100,200,500,200,1,1,gru,gs,50,42,0
349,test,0.3009743094444275,0.8020000457763672,,,,50,100,200,500,200,1,1,gru,gs,50,42,0
350,train,0.3089440166950226,0.7880000472068787,0.78125,14.066343652023422,44.38184862862892,50,100,200,500,200,1,1,gru,gs,50,42,0
350,test,0.300518661737442,0.800000011920929,,,,50,100,200,500,200,1,1,gru,gs,50,42,0
351,train,0.30919334292411804,0.7882000803947449,,,,50,100,200,500,200,1,1,gru,gs,50,42,0
351,test,0.30186110734939575,0.7899999618530273,,,,50,100,200,500,200,1,1,gru,gs,50,42,0
352,train,0.30922800302505493,0.7868000864982605,,,,50,100,200,500,200,1,1,gru,gs,50,42,0
352,test,0.30201631784439087,0.8020000457763672,,,,50,100,200,500,200,1,1,gru,gs,50,42,0
353,train,0.3087727725505829,0.7885999083518982,,,,50,100,200,500,200,1,1,gru,gs,50,42,0
353,test,0.30191048979759216,0.7949999570846558,,,,50,100,200,500,200,1,1,gru,gs,50,42,0
354,train,0.3094831109046936,0.785599946975708,,,,50,100,200,500,200,1,1,gru,gs,50,42,0
354,test,0.3004968762397766,0.8019999265670776,,,,50,100,200,500,200,1,1,gru,gs,50,42,0
355,train,0.3093283772468567,0.7844000458717346,,,,50,100,200,500,200,1,1,gru,gs,50,42,0
355,test,0.3011757731437683,0.7989999651908875,,,,50,100,200,500,200,1,1,gru,gs,50,42,0
356,train,0.3091687560081482,0.7846000790596008,,,,50,100,200,500,200,1,1,gru,gs,50,42,0
356,test,0.30196937918663025,0.7910000085830688,,,,50,100,200,500,200,1,1,gru,gs,50,42,0
357,train,0.30941659212112427,0.7872000336647034,,,,50,100,200,500,200,1,1,gru,gs,50,42,0
357,test,0.3013160526752472,0.7990000247955322,,,,50,100,200,500,200,1,1,gru,gs,50,42,0
358,train,0.30934908986091614,0.7844000458717346,,,,50,100,200,500,200,1,1,gru,gs,50,42,0
358,test,0.3018263578414917,0.7940000295639038,,,,50,100,200,500,200,1,1,gru,gs,50,42,0
359,train,0.30873414874076843,0.7847998738288879,,,,50,100,200,500,200,1,1,gru,gs,50,42,0
359,test,0.30096933245658875,0.8019999265670776,,,,50,100,200,500,200,1,1,gru,gs,50,42,0
360,train,0.3095799684524536,0.7868000268936157,0.78125,14.066343652023422,44.40167964703624,50,100,200,500,200,1,1,gru,gs,50,42,0
360,test,0.30104321241378784,0.8009999394416809,,,,50,100,200,500,200,1,1,gru,gs,50,42,0
361,train,0.3093663156032562,0.7841999530792236,,,,50,100,200,500,200,1,1,gru,gs,50,42,0
361,test,0.3007533848285675,0.796000063419342,,,,50,100,200,500,200,1,1,gru,gs,50,42,0
362,train,0.3121180832386017,0.7836000323295593,,,,50,100,200,500,200,1,1,gru,gs,50,42,0
362,test,0.30198773741722107,0.796999990940094,,,,50,100,200,500,200,1,1,gru,gs,50,42,0
363,train,0.30912479758262634,0.7864000201225281,,,,50,100,200,500,200,1,1,gru,gs,50,42,0
363,test,0.3029475808143616,0.7859999537467957,,,,50,100,200,500,200,1,1,gru,gs,50,42,0
364,train,0.309357613325119,0.7854000329971313,,,,50,100,200,500,200,1,1,gru,gs,50,42,0
364,test,0.30107927322387695,0.7899999618530273,,,,50,100,200,500,200,1,1,gru,gs,50,42,0
365,train,0.30913248658180237,0.7852000594139099,,,,50,100,200,500,200,1,1,gru,gs,50,42,0
365,test,0.3013918995857239,0.8019999265670776,,,,50,100,200,500,200,1,1,gru,gs,50,42,0
366,train,0.30974942445755005,0.7806000709533691,,,,50,100,200,500,200,1,1,gru,gs,50,42,0
366,test,0.30270612239837646,0.7879999876022339,,,,50,100,200,500,200,1,1,gru,gs,50,42,0
367,train,0.309047669172287,0.7827998995780945,,,,50,100,200,500,200,1,1,gru,gs,50,42,0
367,test,0.3018266558647156,0.7930000424385071,,,,50,100,200,500,200,1,1,gru,gs,50,42,0
368,train,0.30939623713493347,0.7805999517440796,,,,50,100,200,500,200,1,1,gru,gs,50,42,0
368,test,0.3027152717113495,0.7899999618530273,,,,50,100,200,500,200,1,1,gru,gs,50,42,0
369,train,0.309861421585083,0.7850000262260437,,,,50,100,200,500,200,1,1,gru,gs,50,42,0
369,test,0.3019084930419922,0.7910000085830688,,,,50,100,200,500,200,1,1,gru,gs,50,42,0
370,train,0.309444397687912,0.7813999652862549,0.78125,14.066343652023422,44.80595860261849,50,100,200,500,200,1,1,gru,gs,50,42,0
370,test,0.30097588896751404,0.8009999990463257,,,,50,100,200,500,200,1,1,gru,gs,50,42,0
371,train,0.3092721700668335,0.785599946975708,,,,50,100,200,500,200,1,1,gru,gs,50,42,0
371,test,0.3025076985359192,0.7829999923706055,,,,50,100,200,500,200,1,1,gru,gs,50,42,0
372,train,0.3090636134147644,0.785599946975708,,,,50,100,200,500,200,1,1,gru,gs,50,42,0
372,test,0.30273592472076416,0.7870000004768372,,,,50,100,200,500,200,1,1,gru,gs,50,42,0
373,train,0.309205025434494,0.7867999076843262,,,,50,100,200,500,200,1,1,gru,gs,50,42,0
373,test,0.302024245262146,0.7919999361038208,,,,50,100,200,500,200,1,1,gru,gs,50,42,0
374,train,0.3095865249633789,0.785800039768219,,,,50,100,200,500,200,1,1,gru,gs,50,42,0
374,test,0.3013116121292114,0.7900000214576721,,,,50,100,200,500,200,1,1,gru,gs,50,42,0
375,train,0.3097253739833832,0.7827999591827393,,,,50,100,200,500,200,1,1,gru,gs,50,42,0
375,test,0.30071645975112915,0.7979999780654907,,,,50,100,200,500,200,1,1,gru,gs,50,42,0
376,train,0.30952689051628113,0.7836000323295593,,,,50,100,200,500,200,1,1,gru,gs,50,42,0
376,test,0.3011667728424072,0.8009999394416809,,,,50,100,200,500,200,1,1,gru,gs,50,42,0
377,train,0.30937808752059937,0.7838000655174255,,,,50,100,200,500,200,1,1,gru,gs,50,42,0
377,test,0.30180680751800537,0.7989999651908875,,,,50,100,200,500,200,1,1,gru,gs,50,42,0
378,train,0.30909740924835205,0.7886000275611877,,,,50,100,200,500,200,1,1,gru,gs,50,42,0
378,test,0.30228444933891296,0.7839999794960022,,,,50,100,200,500,200,1,1,gru,gs,50,42,0
379,train,0.3092653453350067,0.7844000458717346,,,,50,100,200,500,200,1,1,gru,gs,50,42,0
379,test,0.3019159138202667,0.7910000085830688,,,,50,100,200,500,200,1,1,gru,gs,50,42,0
380,train,0.30907246470451355,0.7874000072479248,0.78125,14.066343652023422,44.75412038283711,50,100,200,500,200,1,1,gru,gs,50,42,0
380,test,0.30131131410598755,0.796999990940094,,,,50,100,200,500,200,1,1,gru,gs,50,42,0
381,train,0.30904698371887207,0.784000039100647,,,,50,100,200,500,200,1,1,gru,gs,50,42,0
381,test,0.301763117313385,0.7940000295639038,,,,50,100,200,500,200,1,1,gru,gs,50,42,0
382,train,0.3091581165790558,0.7888000011444092,,,,50,100,200,500,200,1,1,gru,gs,50,42,0
382,test,0.3022504448890686,0.7910000085830688,,,,50,100,200,500,200,1,1,gru,gs,50,42,0
383,train,0.30966538190841675,0.785599946975708,,,,50,100,200,500,200,1,1,gru,gs,50,42,0
383,test,0.30118221044540405,0.7989999651908875,,,,50,100,200,500,200,1,1,gru,gs,50,42,0
384,train,0.3093909025192261,0.783799946308136,,,,50,100,200,500,200,1,1,gru,gs,50,42,0
384,test,0.3018677830696106,0.7959999442100525,,,,50,100,200,500,200,1,1,gru,gs,50,42,0
385,train,0.3094771206378937,0.7869999408721924,,,,50,100,200,500,200,1,1,gru,gs,50,42,0
385,test,0.30154475569725037,0.7949999570846558,,,,50,100,200,500,200,1,1,gru,gs,50,42,0
386,train,0.30931150913238525,0.7852000594139099,,,,50,100,200,500,200,1,1,gru,gs,50,42,0
386,test,0.3012135624885559,0.8069999814033508,,,,50,100,200,500,200,1,1,gru,gs,50,42,0
387,train,0.30913516879081726,0.7836000323295593,,,,50,100,200,500,200,1,1,gru,gs,50,42,0
387,test,0.3011617660522461,0.7970000505447388,,,,50,100,200,500,200,1,1,gru,gs,50,42,0
388,train,0.30957239866256714,0.7792000770568848,,,,50,100,200,500,200,1,1,gru,gs,50,42,0
388,test,0.3015170693397522,0.7960000038146973,,,,50,100,200,500,200,1,1,gru,gs,50,42,0
389,train,0.30898305773735046,0.7915999889373779,,,,50,100,200,500,200,1,1,gru,gs,50,42,0
389,test,0.301425039768219,0.7889999747276306,,,,50,100,200,500,200,1,1,gru,gs,50,42,0
390,train,0.3093632161617279,0.781999945640564,0.78125,14.066343652023422,44.485534148159,50,100,200,500,200,1,1,gru,gs,50,42,0
390,test,0.30086126923561096,0.8040000796318054,,,,50,100,200,500,200,1,1,gru,gs,50,42,0
391,train,0.30921515822410583,0.7874000072479248,,,,50,100,200,500,200,1,1,gru,gs,50,42,0
391,test,0.3027110993862152,0.7949999570846558,,,,50,100,200,500,200,1,1,gru,gs,50,42,0
392,train,0.30961117148399353,0.7878000736236572,,,,50,100,200,500,200,1,1,gru,gs,50,42,0
392,test,0.30310365557670593,0.7970000505447388,,,,50,100,200,500,200,1,1,gru,gs,50,42,0
393,train,0.3100167214870453,0.7862000465393066,,,,50,100,200,500,200,1,1,gru,gs,50,42,0
393,test,0.3013301491737366,0.796000063419342,,,,50,100,200,500,200,1,1,gru,gs,50,42,0
394,train,0.3093297779560089,0.7863999009132385,,,,50,100,200,500,200,1,1,gru,gs,50,42,0
394,test,0.3009378910064697,0.8019999265670776,,,,50,100,200,500,200,1,1,gru,gs,50,42,0
395,train,0.3091995120048523,0.7830000519752502,,,,50,100,200,500,200,1,1,gru,gs,50,42,0
395,test,0.3024970591068268,0.784000039100647,,,,50,100,200,500,200,1,1,gru,gs,50,42,0
396,train,0.3092575967311859,0.7879998683929443,,,,50,100,200,500,200,1,1,gru,gs,50,42,0
396,test,0.3009704053401947,0.7949999570846558,,,,50,100,200,500,200,1,1,gru,gs,50,42,0
397,train,0.30915459990501404,0.7875999212265015,,,,50,100,200,500,200,1,1,gru,gs,50,42,0
397,test,0.30135685205459595,0.7970000505447388,,,,50,100,200,500,200,1,1,gru,gs,50,42,0
398,train,0.30894190073013306,0.7848000526428223,,,,50,100,200,500,200,1,1,gru,gs,50,42,0
398,test,0.30135616660118103,0.7990000247955322,,,,50,100,200,500,200,1,1,gru,gs,50,42,0
399,train,0.30945461988449097,0.7838000655174255,,,,50,100,200,500,200,1,1,gru,gs,50,42,0
399,test,0.3017284572124481,0.7950000166893005,,,,50,100,200,500,200,1,1,gru,gs,50,42,0
400,train,0.30959904193878174,0.7865999341011047,0.78125,14.066343652023422,43.77351698869503,50,100,200,500,200,1,1,gru,gs,50,42,0
400,test,0.301270455121994,0.7989999055862427,,,,50,100,200,500,200,1,1,gru,gs,50,42,0
401,train,0.30922743678092957,0.7836000323295593,,,,50,100,200,500,200,1,1,gru,gs,50,42,0
401,test,0.3006819188594818,0.8020000457763672,,,,50,100,200,500,200,1,1,gru,gs,50,42,0
402,train,0.3093523681163788,0.7854000329971313,,,,50,100,200,500,200,1,1,gru,gs,50,42,0
402,test,0.3011375665664673,0.7970000505447388,,,,50,100,200,500,200,1,1,gru,gs,50,42,0
403,train,0.3091941475868225,0.787600040435791,,,,50,100,200,500,200,1,1,gru,gs,50,42,0
403,test,0.30109405517578125,0.7990000247955322,,,,50,100,200,500,200,1,1,gru,gs,50,42,0
404,train,0.30898550152778625,0.7872000336647034,,,,50,100,200,500,200,1,1,gru,gs,50,42,0
404,test,0.30264875292778015,0.7860000133514404,,,,50,100,200,500,200,1,1,gru,gs,50,42,0
405,train,0.30945995450019836,0.7869999408721924,,,,50,100,200,500,200,1,1,gru,gs,50,42,0
405,test,0.3034958839416504,0.7899999618530273,,,,50,100,200,500,200,1,1,gru,gs,50,42,0
406,train,0.3089761435985565,0.7850000262260437,,,,50,100,200,500,200,1,1,gru,gs,50,42,0
406,test,0.30165794491767883,0.7899999618530273,,,,50,100,200,500,200,1,1,gru,gs,50,42,0
407,train,0.3090658485889435,0.7866000533103943,,,,50,100,200,500,200,1,1,gru,gs,50,42,0
407,test,0.3013165295124054,0.7989999651908875,,,,50,100,200,500,200,1,1,gru,gs,50,42,0
408,train,0.30964142084121704,0.7841999530792236,,,,50,100,200,500,200,1,1,gru,gs,50,42,0
408,test,0.3012820780277252,0.8020000457763672,,,,50,100,200,500,200,1,1,gru,gs,50,42,0
409,train,0.3190063238143921,0.778999924659729,,,,50,100,200,500,200,1,1,gru,gs,50,42,0
409,test,0.30305594205856323,0.7999999523162842,,,,50,100,200,500,200,1,1,gru,gs,50,42,0
410,train,0.3226475119590759,0.7850000262260437,0.78125,14.066343652023422,44.601779131481486,50,100,200,500,200,1,1,gru,gs,50,42,0
410,test,0.30105289816856384,0.7970000505447388,,,,50,100,200,500,200,1,1,gru,gs,50,42,0
411,train,0.31291136145591736,0.7802000641822815,,,,50,100,200,500,200,1,1,gru,gs,50,42,0
411,test,0.3009926676750183,0.7980000376701355,,,,50,100,200,500,200,1,1,gru,gs,50,42,0
412,train,0.3089606761932373,0.7882000207901001,,,,50,100,200,500,200,1,1,gru,gs,50,42,0
412,test,0.30282142758369446,0.7860000133514404,,,,50,100,200,500,200,1,1,gru,gs,50,42,0
413,train,0.3127780854701996,0.784000039100647,,,,50,100,200,500,200,1,1,gru,gs,50,42,0
413,test,0.3022077679634094,0.7929999828338623,,,,50,100,200,500,200,1,1,gru,gs,50,42,0
414,train,0.30880430340766907,0.7850000262260437,,,,50,100,200,500,200,1,1,gru,gs,50,42,0
414,test,0.3016701638698578,0.7960000038146973,,,,50,100,200,500,200,1,1,gru,gs,50,42,0
415,train,0.3119213283061981,0.7856000661849976,,,,50,100,200,500,200,1,1,gru,gs,50,42,0
415,test,0.3010762929916382,0.7990000247955322,,,,50,100,200,500,200,1,1,gru,gs,50,42,0
416,train,0.3091783821582794,0.7852000594139099,,,,50,100,200,500,200,1,1,gru,gs,50,42,0
416,test,0.30213499069213867,0.7910000681877136,,,,50,100,200,500,200,1,1,gru,gs,50,42,0
417,train,0.30894339084625244,0.7864000201225281,,,,50,100,200,500,200,1,1,gru,gs,50,42,0
417,test,0.3018449544906616,0.7960000038146973,,,,50,100,200,500,200,1,1,gru,gs,50,42,0
418,train,0.30898818373680115,0.7874000072479248,,,,50,100,200,500,200,1,1,gru,gs,50,42,0
418,test,0.30224063992500305,0.7960000038146973,,,,50,100,200,500,200,1,1,gru,gs,50,42,0
419,train,0.30884620547294617,0.7842000722885132,,,,50,100,200,500,200,1,1,gru,gs,50,42,0
419,test,0.3008147180080414,0.8019999265670776,,,,50,100,200,500,200,1,1,gru,gs,50,42,0
420,train,0.30914169549942017,0.7837998867034912,0.78125,14.066343652023422,44.79822642413279,50,100,200,500,200,1,1,gru,gs,50,42,0
420,test,0.3017619252204895,0.7989999651908875,,,,50,100,200,500,200,1,1,gru,gs,50,42,0
421,train,0.309215784072876,0.7862000465393066,,,,50,100,200,500,200,1,1,gru,gs,50,42,0
421,test,0.3016749322414398,0.7870000004768372,,,,50,100,200,500,200,1,1,gru,gs,50,42,0
422,train,0.30906611680984497,0.787600040435791,,,,50,100,200,500,200,1,1,gru,gs,50,42,0
422,test,0.3018380105495453,0.7989999651908875,,,,50,100,200,500,200,1,1,gru,gs,50,42,0
423,train,0.30892521142959595,0.7834000587463379,,,,50,100,200,500,200,1,1,gru,gs,50,42,0
423,test,0.3007771968841553,0.800000011920929,,,,50,100,200,500,200,1,1,gru,gs,50,42,0
424,train,0.30905503034591675,0.7880000472068787,,,,50,100,200,500,200,1,1,gru,gs,50,42,0
424,test,0.3011365234851837,0.7930000424385071,,,,50,100,200,500,200,1,1,gru,gs,50,42,0
425,train,0.30950453877449036,0.7817999124526978,,,,50,100,200,500,200,1,1,gru,gs,50,42,0
425,test,0.3021988272666931,0.7910000085830688,,,,50,100,200,500,200,1,1,gru,gs,50,42,0
426,train,0.30911707878112793,0.7850000262260437,,,,50,100,200,500,200,1,1,gru,gs,50,42,0
426,test,0.3019891679286957,0.7940000295639038,,,,50,100,200,500,200,1,1,gru,gs,50,42,0
427,train,0.30945292115211487,0.7827999591827393,,,,50,100,200,500,200,1,1,gru,gs,50,42,0
427,test,0.30172497034072876,0.7909999489784241,,,,50,100,200,500,200,1,1,gru,gs,50,42,0
428,train,0.3088197708129883,0.7874000668525696,,,,50,100,200,500,200,1,1,gru,gs,50,42,0
428,test,0.3018234074115753,0.796999990940094,,,,50,100,200,500,200,1,1,gru,gs,50,42,0
429,train,0.30896440148353577,0.7897999286651611,,,,50,100,200,500,200,1,1,gru,gs,50,42,0
429,test,0.3023059666156769,0.7900000214576721,,,,50,100,200,500,200,1,1,gru,gs,50,42,0
430,train,0.309355229139328,0.785599946975708,0.78125,14.066343652023422,43.420919292486616,50,100,200,500,200,1,1,gru,gs,50,42,0
430,test,0.30245086550712585,0.7990000247955322,,,,50,100,200,500,200,1,1,gru,gs,50,42,0
431,train,0.3090071380138397,0.7896000146865845,,,,50,100,200,500,200,1,1,gru,gs,50,42,0
431,test,0.3014814555644989,0.7989999651908875,,,,50,100,200,500,200,1,1,gru,gs,50,42,0
432,train,0.30931800603866577,0.7832000255584717,,,,50,100,200,500,200,1,1,gru,gs,50,42,0
432,test,0.30143818259239197,0.7990000247955322,,,,50,100,200,500,200,1,1,gru,gs,50,42,0
433,train,0.30917954444885254,0.7853999137878418,,,,50,100,200,500,200,1,1,gru,gs,50,42,0
433,test,0.30160605907440186,0.7930000424385071,,,,50,100,200,500,200,1,1,gru,gs,50,42,0
434,train,0.309169203042984,0.7826000452041626,,,,50,100,200,500,200,1,1,gru,gs,50,42,0
434,test,0.30147749185562134,0.7960000038146973,,,,50,100,200,500,200,1,1,gru,gs,50,42,0
435,train,0.30918118357658386,0.7883999347686768,,,,50,100,200,500,200,1,1,gru,gs,50,42,0
435,test,0.30193281173706055,0.7989999651908875,,,,50,100,200,500,200,1,1,gru,gs,50,42,0
436,train,0.3090969920158386,0.7854000329971313,,,,50,100,200,500,200,1,1,gru,gs,50,42,0
436,test,0.30226853489875793,0.781999945640564,,,,50,100,200,500,200,1,1,gru,gs,50,42,0
437,train,0.3090630769729614,0.7841999530792236,,,,50,100,200,500,200,1,1,gru,gs,50,42,0
437,test,0.3013690114021301,0.796999990940094,,,,50,100,200,500,200,1,1,gru,gs,50,42,0
438,train,0.3090360462665558,0.7880000472068787,,,,50,100,200,500,200,1,1,gru,gs,50,42,0
438,test,0.30151838064193726,0.7910000085830688,,,,50,100,200,500,200,1,1,gru,gs,50,42,0
439,train,0.30939799547195435,0.7809999585151672,,,,50,100,200,500,200,1,1,gru,gs,50,42,0
439,test,0.3013410270214081,0.7959999442100525,,,,50,100,200,500,200,1,1,gru,gs,50,42,0
440,train,0.3088970184326172,0.7795999646186829,0.78125,14.066343652023422,44.1198779763611,50,100,200,500,200,1,1,gru,gs,50,42,0
440,test,0.30100709199905396,0.7989999055862427,,,,50,100,200,500,200,1,1,gru,gs,50,42,0
441,train,0.30974388122558594,0.7883999347686768,,,,50,100,200,500,200,1,1,gru,gs,50,42,0
441,test,0.301308810710907,0.7919999957084656,,,,50,100,200,500,200,1,1,gru,gs,50,42,0
442,train,0.30907613039016724,0.7847999334335327,,,,50,100,200,500,200,1,1,gru,gs,50,42,0
442,test,0.301988422870636,0.7889999747276306,,,,50,100,200,500,200,1,1,gru,gs,50,42,0
443,train,0.30932146310806274,0.7826000452041626,,,,50,100,200,500,200,1,1,gru,gs,50,42,0
443,test,0.30174678564071655,0.7960000038146973,,,,50,100,200,500,200,1,1,gru,gs,50,42,0
444,train,0.30865800380706787,0.7874000072479248,,,,50,100,200,500,200,1,1,gru,gs,50,42,0
444,test,0.30163463950157166,0.7989999651908875,,,,50,100,200,500,200,1,1,gru,gs,50,42,0
445,train,0.3091377913951874,0.7882000207901001,,,,50,100,200,500,200,1,1,gru,gs,50,42,0
445,test,0.3011602759361267,0.7989999651908875,,,,50,100,200,500,200,1,1,gru,gs,50,42,0
446,train,0.30903181433677673,0.7800000905990601,,,,50,100,200,500,200,1,1,gru,gs,50,42,0
446,test,0.30114611983299255,0.7910000085830688,,,,50,100,200,500,200,1,1,gru,gs,50,42,0
447,train,0.3086680471897125,0.7878000140190125,,,,50,100,200,500,200,1,1,gru,gs,50,42,0
447,test,0.3009262681007385,0.8009999990463257,,,,50,100,200,500,200,1,1,gru,gs,50,42,0
448,train,0.3090277314186096,0.7864000201225281,,,,50,100,200,500,200,1,1,gru,gs,50,42,0
448,test,0.30120596289634705,0.7990000247955322,,,,50,100,200,500,200,1,1,gru,gs,50,42,0
449,train,0.3091222643852234,0.7868000268936157,,,,50,100,200,500,200,1,1,gru,gs,50,42,0
449,test,0.30086085200309753,0.7979999780654907,,,,50,100,200,500,200,1,1,gru,gs,50,42,0
450,train,0.30928975343704224,0.7831999063491821,0.78125,14.066343652023422,44.630679361814686,50,100,200,500,200,1,1,gru,gs,50,42,0
450,test,0.3018043637275696,0.7979999780654907,,,,50,100,200,500,200,1,1,gru,gs,50,42,0
451,train,0.3089917302131653,0.7851999402046204,,,,50,100,200,500,200,1,1,gru,gs,50,42,0
451,test,0.302192747592926,0.7910000085830688,,,,50,100,200,500,200,1,1,gru,gs,50,42,0
452,train,0.3090990483760834,0.7850000262260437,,,,50,100,200,500,200,1,1,gru,gs,50,42,0
452,test,0.3008394241333008,0.7949999570846558,,,,50,100,200,500,200,1,1,gru,gs,50,42,0
453,train,0.3130684196949005,0.790600061416626,,,,50,100,200,500,200,1,1,gru,gs,50,42,0
453,test,0.3047640919685364,0.7899999618530273,,,,50,100,200,500,200,1,1,gru,gs,50,42,0
454,train,0.31298041343688965,0.7874000072479248,,,,50,100,200,500,200,1,1,gru,gs,50,42,0
454,test,0.3004969656467438,0.8020000457763672,,,,50,100,200,500,200,1,1,gru,gs,50,42,0
455,train,0.31559237837791443,0.7878000140190125,,,,50,100,200,500,200,1,1,gru,gs,50,42,0
455,test,0.3024699091911316,0.7849999666213989,,,,50,100,200,500,200,1,1,gru,gs,50,42,0
456,train,0.3181408643722534,0.7813999652862549,,,,50,100,200,500,200,1,1,gru,gs,50,42,0
456,test,0.3016221225261688,0.8020000457763672,,,,50,100,200,500,200,1,1,gru,gs,50,42,0
457,train,0.30895382165908813,0.7903999090194702,,,,50,100,200,500,200,1,1,gru,gs,50,42,0
457,test,0.300589382648468,0.8090000152587891,,,,50,100,200,500,200,1,1,gru,gs,50,42,0
458,train,0.3095305562019348,0.7888000011444092,,,,50,100,200,500,200,1,1,gru,gs,50,42,0
458,test,0.30146390199661255,0.7889999747276306,,,,50,100,200,500,200,1,1,gru,gs,50,42,0
459,train,0.3087562620639801,0.7878000140190125,,,,50,100,200,500,200,1,1,gru,gs,50,42,0
459,test,0.30105796456336975,0.7990000247955322,,,,50,100,200,500,200,1,1,gru,gs,50,42,0
460,train,0.30914488434791565,0.7836000323295593,0.78125,14.066343652023422,45.203435311020755,50,100,200,500,200,1,1,gru,gs,50,42,0
460,test,0.3016168475151062,0.7989999651908875,,,,50,100,200,500,200,1,1,gru,gs,50,42,0
461,train,0.30875223875045776,0.787600040435791,,,,50,100,200,500,200,1,1,gru,gs,50,42,0
461,test,0.3017902970314026,0.7899999022483826,,,,50,100,200,500,200,1,1,gru,gs,50,42,0
462,train,0.30907291173934937,0.781999945640564,,,,50,100,200,500,200,1,1,gru,gs,50,42,0
462,test,0.3019372820854187,0.7930000424385071,,,,50,100,200,500,200,1,1,gru,gs,50,42,0
463,train,0.3089035451412201,0.7900000214576721,,,,50,100,200,500,200,1,1,gru,gs,50,42,0
463,test,0.3020307421684265,0.7940000295639038,,,,50,100,200,500,200,1,1,gru,gs,50,42,0
464,train,0.3086904287338257,0.7793999314308167,,,,50,100,200,500,200,1,1,gru,gs,50,42,0
464,test,0.30175304412841797,0.7930000424385071,,,,50,100,200,500,200,1,1,gru,gs,50,42,0
465,train,0.30884939432144165,0.7874000072479248,,,,50,100,200,500,200,1,1,gru,gs,50,42,0
465,test,0.3016260266304016,0.7989999651908875,,,,50,100,200,500,200,1,1,gru,gs,50,42,0
466,train,0.3090577721595764,0.7861999273300171,,,,50,100,200,500,200,1,1,gru,gs,50,42,0
466,test,0.302232027053833,0.7979999780654907,,,,50,100,200,500,200,1,1,gru,gs,50,42,0
467,train,0.30890214443206787,0.7850000262260437,,,,50,100,200,500,200,1,1,gru,gs,50,42,0
467,test,0.3018586337566376,0.793999969959259,,,,50,100,200,500,200,1,1,gru,gs,50,42,0
468,train,0.30870577692985535,0.7892000675201416,,,,50,100,200,500,200,1,1,gru,gs,50,42,0
468,test,0.3015844225883484,0.7949999570846558,,,,50,100,200,500,200,1,1,gru,gs,50,42,0
469,train,0.30896785855293274,0.7857999205589294,,,,50,100,200,500,200,1,1,gru,gs,50,42,0
469,test,0.30110105872154236,0.7989999651908875,,,,50,100,200,500,200,1,1,gru,gs,50,42,0
470,train,0.3089531660079956,0.784000039100647,0.78125,14.066343652023422,42.76154338208598,50,100,200,500,200,1,1,gru,gs,50,42,0
470,test,0.3011590838432312,0.796999990940094,,,,50,100,200,500,200,1,1,gru,gs,50,42,0
471,train,0.30888426303863525,0.7874000072479248,,,,50,100,200,500,200,1,1,gru,gs,50,42,0
471,test,0.30129098892211914,0.7990000247955322,,,,50,100,200,500,200,1,1,gru,gs,50,42,0
472,train,0.308736652135849,0.7916000485420227,,,,50,100,200,500,200,1,1,gru,gs,50,42,0
472,test,0.30181246995925903,0.7989999055862427,,,,50,100,200,500,200,1,1,gru,gs,50,42,0
473,train,0.30887240171432495,0.7878000140190125,,,,50,100,200,500,200,1,1,gru,gs,50,42,0
473,test,0.301369845867157,0.7989999651908875,,,,50,100,200,500,200,1,1,gru,gs,50,42,0
474,train,0.30885323882102966,0.785599946975708,,,,50,100,200,500,200,1,1,gru,gs,50,42,0
474,test,0.30111753940582275,0.7960000038146973,,,,50,100,200,500,200,1,1,gru,gs,50,42,0
475,train,0.3090815842151642,0.782200038433075,,,,50,100,200,500,200,1,1,gru,gs,50,42,0
475,test,0.30093634128570557,0.8009999990463257,,,,50,100,200,500,200,1,1,gru,gs,50,42,0
476,train,0.30852559208869934,0.7848000526428223,,,,50,100,200,500,200,1,1,gru,gs,50,42,0
476,test,0.3008717894554138,0.8020000457763672,,,,50,100,200,500,200,1,1,gru,gs,50,42,0
477,train,0.30942466855049133,0.7870000600814819,,,,50,100,200,500,200,1,1,gru,gs,50,42,0
477,test,0.3008650839328766,0.7989999651908875,,,,50,100,200,500,200,1,1,gru,gs,50,42,0
478,train,0.3089141249656677,0.787600040435791,,,,50,100,200,500,200,1,1,gru,gs,50,42,0
478,test,0.30114269256591797,0.7930000424385071,,,,50,100,200,500,200,1,1,gru,gs,50,42,0
479,train,0.3094068169593811,0.7868000268936157,,,,50,100,200,500,200,1,1,gru,gs,50,42,0
479,test,0.30095717310905457,0.7909999489784241,,,,50,100,200,500,200,1,1,gru,gs,50,42,0
480,train,0.30887818336486816,0.7841999530792236,0.78125,14.066343652023422,44.505016931363016,50,100,200,500,200,1,1,gru,gs,50,42,0
480,test,0.30133265256881714,0.7960000038146973,,,,50,100,200,500,200,1,1,gru,gs,50,42,0
481,train,0.30874499678611755,0.7896000146865845,,,,50,100,200,500,200,1,1,gru,gs,50,42,0
481,test,0.301801472902298,0.7929999232292175,,,,50,100,200,500,200,1,1,gru,gs,50,42,0
482,train,0.3087671399116516,0.7867999076843262,,,,50,100,200,500,200,1,1,gru,gs,50,42,0
482,test,0.3019849956035614,0.7960000038146973,,,,50,100,200,500,200,1,1,gru,gs,50,42,0
483,train,0.30902737379074097,0.784000039100647,,,,50,100,200,500,200,1,1,gru,gs,50,42,0
483,test,0.3009589910507202,0.8020000457763672,,,,50,100,200,500,200,1,1,gru,gs,50,42,0
484,train,0.3088246285915375,0.7862000465393066,,,,50,100,200,500,200,1,1,gru,gs,50,42,0
484,test,0.3008217215538025,0.7989999651908875,,,,50,100,200,500,200,1,1,gru,gs,50,42,0
485,train,0.3094233274459839,0.781999945640564,,,,50,100,200,500,200,1,1,gru,gs,50,42,0
485,test,0.3030802607536316,0.796999990940094,,,,50,100,200,500,200,1,1,gru,gs,50,42,0
486,train,0.3109108805656433,0.7864000201225281,,,,50,100,200,500,200,1,1,gru,gs,50,42,0
486,test,0.30086618661880493,0.7979999780654907,,,,50,100,200,500,200,1,1,gru,gs,50,42,0
487,train,0.30886414647102356,0.785599946975708,,,,50,100,200,500,200,1,1,gru,gs,50,42,0
487,test,0.3021703064441681,0.7879999876022339,,,,50,100,200,500,200,1,1,gru,gs,50,42,0
488,train,0.3102909326553345,0.7883999347686768,,,,50,100,200,500,200,1,1,gru,gs,50,42,0
488,test,0.3018168807029724,0.7960000038146973,,,,50,100,200,500,200,1,1,gru,gs,50,42,0
489,train,0.30888333916664124,0.7877998948097229,,,,50,100,200,500,200,1,1,gru,gs,50,42,0
489,test,0.302259236574173,0.7910000085830688,,,,50,100,200,500,200,1,1,gru,gs,50,42,0
490,train,0.3089120388031006,0.7915999889373779,0.78125,14.066343652023422,44.58212452208484,50,100,200,500,200,1,1,gru,gs,50,42,0
490,test,0.3016842007637024,0.7960000038146973,,,,50,100,200,500,200,1,1,gru,gs,50,42,0
491,train,0.30902954936027527,0.7856000661849976,,,,50,100,200,500,200,1,1,gru,gs,50,42,0
491,test,0.30077555775642395,0.8020000457763672,,,,50,100,200,500,200,1,1,gru,gs,50,42,0
492,train,0.3086840808391571,0.787600040435791,,,,50,100,200,500,200,1,1,gru,gs,50,42,0
492,test,0.3011106252670288,0.7910000085830688,,,,50,100,200,500,200,1,1,gru,gs,50,42,0
493,train,0.3101050853729248,0.7811999320983887,,,,50,100,200,500,200,1,1,gru,gs,50,42,0
493,test,0.30123332142829895,0.7940000295639038,,,,50,100,200,500,200,1,1,gru,gs,50,42,0
494,train,0.30881962180137634,0.7866000533103943,,,,50,100,200,500,200,1,1,gru,gs,50,42,0
494,test,0.3016715347766876,0.796000063419342,,,,50,100,200,500,200,1,1,gru,gs,50,42,0
495,train,0.3087221384048462,0.7872000336647034,,,,50,100,200,500,200,1,1,gru,gs,50,42,0
495,test,0.30218011140823364,0.7899999618530273,,,,50,100,200,500,200,1,1,gru,gs,50,42,0
496,train,0.30881381034851074,0.7841999530792236,,,,50,100,200,500,200,1,1,gru,gs,50,42,0
496,test,0.30148845911026,0.7969999313354492,,,,50,100,200,500,200,1,1,gru,gs,50,42,0
497,train,0.30863916873931885,0.7890000343322754,,,,50,100,200,500,200,1,1,gru,gs,50,42,0
497,test,0.3016260266304016,0.7929999828338623,,,,50,100,200,500,200,1,1,gru,gs,50,42,0
498,train,0.30881255865097046,0.7866000533103943,,,,50,100,200,500,200,1,1,gru,gs,50,42,0
498,test,0.3010973334312439,0.7910000085830688,,,,50,100,200,500,200,1,1,gru,gs,50,42,0
499,train,0.3092031180858612,0.7833999395370483,,,,50,100,200,500,200,1,1,gru,gs,50,42,0
499,test,0.3010926842689514,0.7990000247955322,,,,50,100,200,500,200,1,1,gru,gs,50,42,0
500,train,0.30903246998786926,0.7854000329971313,0.78125,14.066343652023422,44.21887400821094,50,100,200,500,200,1,1,gru,gs,50,42,0
500,test,0.30181458592414856,0.7910000085830688,,,,50,100,200,500,200,1,1,gru,gs,50,42,0
